common_modules,cosine,experiment,high_magnitude_overlap,norm_a,norm_b,normalized_frobenius_overlap,relative_norm,seed,sign_agreement,skill_a,skill_b
96,0.14761000871658325,field_renaming_key_value_swap,0.019990330650692896,0.6164445877075195,0.6790398359298706,0.14761000871658325,0.9078180193901062,seed42,0.5457250731331962,field_renaming,key_value_swap
96,0.15237322449684143,field_renaming_key_value_swap,0.020059812636602493,0.6138322353363037,0.6707958579063416,0.15237322449684143,0.9150805473327637,seed43,0.5461577233814058,field_renaming,key_value_swap
96,0.15994438529014587,field_renaming_key_value_swap,0.021066892714727493,0.6237341165542603,0.7028586864471436,0.15994438529014587,0.887424647808075,seed44,0.5503719193594796,field_renaming,key_value_swap
96,0.19994817674160004,field_sorting_duplicate_removal,0.019446509225027903,0.5765915513038635,0.6518606543540955,0.19994817674160004,0.8845319151878357,seed42,0.5676350139436268,duplicate_removal,field_sorting
96,0.20178622007369995,field_sorting_duplicate_removal,0.019219171433221726,0.5731790661811829,0.6428042054176331,0.20178622007369995,0.8916853070259094,seed43,0.5665769122895741,duplicate_removal,field_sorting
96,0.21942554414272308,field_sorting_duplicate_removal,0.020617825644356862,0.5807172060012817,0.6489316821098328,0.21942554414272308,0.8948819041252136,seed44,0.5720767974853516,duplicate_removal,field_sorting
96,0.37252894043922424,field_sorting_value_normalization,0.026095004308791386,0.6518606543540955,0.6811954379081726,0.37252894043922424,0.9569362998008728,seed42,0.624410697392055,field_sorting,value_normalization
96,0.3660016357898712,field_sorting_value_normalization,0.02571339834304083,0.6428042054176331,0.6598854660987854,0.3660016357898712,0.9741148352622986,seed43,0.621305987948463,field_sorting,value_normalization
96,0.4008440673351288,field_sorting_value_normalization,0.02712113516671317,0.6489316821098328,0.6783944964408875,0.4008440673351288,0.9565697908401489,seed44,0.633907885778518,field_sorting,value_normalization
96,0.15443198382854462,field_sorting_value_selection,0.01746813456217448,0.6518606543540955,0.5901758670806885,0.15443198382854462,0.9053711891174316,seed42,0.5525058337620327,field_sorting,value_selection
96,0.1437874436378479,field_sorting_value_selection,0.017998763493129184,0.6428042054176331,0.5718715190887451,0.1437874436378479,0.8896511793136597,seed43,0.5491097086951846,field_sorting,value_selection
96,0.1408408135175705,field_sorting_value_selection,0.018310955592564175,0.6489316821098328,0.5953443050384521,0.1408408135175705,0.9174221754074097,seed44,0.5461152848743257,field_sorting,value_selection
96,0.15443198382854462,value_selection_field_sorting,0.01746813456217448,0.6518606543540955,0.5901758670806885,0.15443198382854462,0.9053711891174316,seed42,0.5525058337620327,field_sorting,value_selection
96,0.1437874436378479,value_selection_field_sorting,0.017998763493129184,0.6428042054176331,0.5718715190887451,0.1437874436378479,0.8896511793136597,seed43,0.5491097086951846,field_sorting,value_selection
96,0.1408408135175705,value_selection_field_sorting,0.018310955592564175,0.6489316821098328,0.5953443050384521,0.1408408135175705,0.9174221754074097,seed44,0.5461152848743257,field_sorting,value_selection
