adapter,experiment,mean_effective_rank_upper_bound,module_count,parameter_count,seed,tensor_count,total_tensor_norm,update_norm
field_renaming,field_renaming_key_value_swap,512.0,96,1081344,seed42,192,167.09226609021425,5.4981231689453125
field_renaming,field_renaming_key_value_swap,512.0,96,1081344,seed44,192,167.13697618618608,5.5537872314453125
field_renaming,field_renaming_key_value_swap,512.0,96,1081344,seed43,192,167.16152334958315,5.474512100219727
key_value_swap,field_renaming_key_value_swap,512.0,96,1081344,seed42,192,168.19881783798337,6.02297306060791
key_value_swap,field_renaming_key_value_swap,512.0,96,1081344,seed44,192,168.5615624152124,6.215848445892334
key_value_swap,field_renaming_key_value_swap,512.0,96,1081344,seed43,192,168.12200634554029,5.942032814025879
composites/field_renaming__key_value_swap__additive__wa0.25_wb0.75,field_renaming_key_value_swap,512.0,96,1081344,seed42,192,168.42417314648628,6.078162670135498
composites/field_renaming__key_value_swap__additive__wa0.25_wb0.75,field_renaming_key_value_swap,512.0,96,1081344,seed44,192,168.11198890581727,5.956348896026611
composites/field_renaming__key_value_swap__additive__wa0.25_wb0.75,field_renaming_key_value_swap,512.0,96,1081344,seed43,192,168.684988245368,6.1545729637146
duplicate_removal,field_sorting_duplicate_removal,512.0,96,1081344,seed42,192,166.23140569776297,5.143154144287109
duplicate_removal,field_sorting_duplicate_removal,512.0,96,1081344,seed44,192,166.3323285728693,5.179160118103027
duplicate_removal,field_sorting_duplicate_removal,512.0,96,1081344,seed43,192,166.3288794271648,5.111260414123535
field_sorting,field_sorting_duplicate_removal,512.0,96,1081344,seed42,192,167.80715856328607,5.783451557159424
field_sorting,field_sorting_duplicate_removal,512.0,96,1081344,seed44,192,167.6818450577557,5.779688358306885
field_sorting,field_sorting_duplicate_removal,512.0,96,1081344,seed43,192,167.67566544562578,5.708651542663574
composites/field_sorting__duplicate_removal__additive__wa0.25_wb0.75,field_sorting_duplicate_removal,512.0,96,1081344,seed42,192,168.26738326251507,6.105707168579102
composites/field_sorting__duplicate_removal__additive__wa0.25_wb0.75,field_sorting_duplicate_removal,512.0,96,1081344,seed44,192,168.2583462074399,6.141250133514404
composites/field_sorting__duplicate_removal__additive__wa0.25_wb0.75,field_sorting_duplicate_removal,512.0,96,1081344,seed43,192,168.5998440645635,6.222096920013428
field_sorting,field_sorting_value_normalization,512.0,96,1081344,seed43,192,167.67566544562578,5.708651542663574
field_sorting,field_sorting_value_normalization,512.0,96,1081344,seed44,192,167.6818450577557,5.779688358306885
field_sorting,field_sorting_value_normalization,512.0,96,1081344,seed42,192,167.80715856328607,5.783451557159424
value_normalization,field_sorting_value_normalization,512.0,96,1081344,seed43,192,167.8864853195846,5.87120246887207
value_normalization,field_sorting_value_normalization,512.0,96,1081344,seed44,192,168.1393764615059,6.030466556549072
value_normalization,field_sorting_value_normalization,512.0,96,1081344,seed42,192,168.23754489421844,6.063127517700195
composites/field_sorting__value_normalization__additive__wa0.25_wb0.75,field_sorting_value_normalization,512.0,96,1081344,seed43,192,167.90868943557143,5.9185285568237305
composites/field_sorting__value_normalization__additive__wa0.25_wb0.75,field_sorting_value_normalization,512.0,96,1081344,seed44,192,167.71129412576556,5.891736030578613
composites/field_sorting__value_normalization__additive__wa0.25_wb0.75,field_sorting_value_normalization,512.0,96,1081344,seed42,192,167.9444087855518,5.971573352813721
field_sorting,field_sorting_value_selection,512.0,96,1081344,seed43,192,167.67566544562578,5.708651542663574
field_sorting,field_sorting_value_selection,512.0,96,1081344,seed44,192,167.6818450577557,5.779688358306885
field_sorting,field_sorting_value_selection,512.0,96,1081344,seed42,192,167.80715856328607,5.783451557159424
value_selection,field_sorting_value_selection,512.0,96,1081344,seed43,192,166.265830591321,5.085517883300781
value_selection,field_sorting_value_selection,512.0,96,1081344,seed44,192,166.55073824897408,5.300591468811035
value_selection,field_sorting_value_selection,512.0,96,1081344,seed42,192,166.51228192448616,5.256555080413818
composites/field_sorting__value_selection__additive__wa0.25_wb0.75,field_sorting_value_selection,512.0,96,1081344,seed43,192,168.35607908293605,6.0846076011657715
composites/field_sorting__value_selection__additive__wa0.25_wb0.75,field_sorting_value_selection,512.0,96,1081344,seed44,192,168.18593226745725,6.058932781219482
composites/field_sorting__value_selection__additive__wa0.25_wb0.75,field_sorting_value_selection,512.0,96,1081344,seed42,192,167.95565815269947,5.925985813140869
field_sorting,value_selection_field_sorting,512.0,96,1081344,seed43,192,167.67566544562578,5.708651542663574
field_sorting,value_selection_field_sorting,512.0,96,1081344,seed44,192,167.6818450577557,5.779688358306885
field_sorting,value_selection_field_sorting,512.0,96,1081344,seed42,192,167.80715856328607,5.783451557159424
value_selection,value_selection_field_sorting,512.0,96,1081344,seed43,192,166.265830591321,5.085517883300781
value_selection,value_selection_field_sorting,512.0,96,1081344,seed44,192,166.55073824897408,5.300591468811035
value_selection,value_selection_field_sorting,512.0,96,1081344,seed42,192,166.51228192448616,5.256555080413818
composites/value_selection__field_sorting__additive__wa0.25_wb0.75,value_selection_field_sorting,512.0,96,1081344,seed43,192,167.68656735867262,5.816547870635986
composites/value_selection__field_sorting__additive__wa0.25_wb0.75,value_selection_field_sorting,512.0,96,1081344,seed44,192,167.55061482265592,5.822808742523193
composites/value_selection__field_sorting__additive__wa0.25_wb0.75,value_selection_field_sorting,512.0,96,1081344,seed42,192,167.64540615305305,5.821006774902344
