_eligible,atomic_a_iid,atomic_a_interference,atomic_a_retention,atomic_a_standalone_iid,atomic_b_iid,atomic_b_interference,atomic_b_retention,atomic_b_standalone_iid,base_accuracy,composition_deficit,composition_gain,composition_id,constituent_max_accuracy,dedicated_accuracy,dynamic_accuracy,dynamic_semantic_accuracy,endpoints_pass,experiment,joint_accuracy,method,phase2_endpoints_pass,relationship,seed,skill_a,skill_b,source_kind,split,weight_a,weight_b
True,0.72,0.28,0.72,1.0,0.98,0.020000000000000018,0.98,1.0,0.0,1.0,0.0,field_renaming__key_value_swap__additive__wa0.25_wb0.75,0.0,1.0,0.0,0.0,True,field_renaming_key_value_swap,,additive,True,highly_similar,42,field_renaming,key_value_swap,zip,test_iid,0.25,0.75
True,0.72,0.28,0.72,1.0,0.98,0.020000000000000018,0.98,1.0,0.0,1.0,0.0,field_renaming__key_value_swap__additive__wa0.25_wb0.75,0.0,1.0,0.0,0.0,True,field_renaming_key_value_swap,,additive,True,highly_similar,42,field_renaming,key_value_swap,zip,test_latent,0.25,0.75
True,0.72,0.28,0.72,1.0,0.98,0.020000000000000018,0.98,1.0,0.0,0.98,0.0,field_renaming__key_value_swap__additive__wa0.25_wb0.75,0.0,0.98,0.0,0.0,True,field_renaming_key_value_swap,,additive,True,highly_similar,42,field_renaming,key_value_swap,zip,test_composition_ood,0.25,0.75
True,0.46,0.54,0.46,1.0,1.0,0.0,1.0,1.0,0.0,0.98,0.02,field_renaming__key_value_swap__additive__wa0.25_wb0.75,0.0,1.0,0.02,0.02,True,field_renaming_key_value_swap,,additive,True,highly_similar,43,field_renaming,key_value_swap,zip,test_iid,0.25,0.75
True,0.46,0.54,0.46,1.0,1.0,0.0,1.0,1.0,0.0,1.0,0.0,field_renaming__key_value_swap__additive__wa0.25_wb0.75,0.0,1.0,0.0,0.0,True,field_renaming_key_value_swap,,additive,True,highly_similar,43,field_renaming,key_value_swap,zip,test_latent,0.25,0.75
True,0.46,0.54,0.46,1.0,1.0,0.0,1.0,1.0,0.0,0.86,0.0,field_renaming__key_value_swap__additive__wa0.25_wb0.75,0.0,0.86,0.0,0.0,True,field_renaming_key_value_swap,,additive,True,highly_similar,43,field_renaming,key_value_swap,zip,test_composition_ood,0.25,0.75
True,0.94,0.06000000000000005,0.94,1.0,0.96,0.040000000000000036,0.96,1.0,0.0,1.0,0.0,field_renaming__key_value_swap__additive__wa0.25_wb0.75,0.0,1.0,0.0,0.0,True,field_renaming_key_value_swap,,additive,True,highly_similar,44,field_renaming,key_value_swap,zip,test_iid,0.25,0.75
True,0.94,0.06000000000000005,0.94,1.0,0.96,0.040000000000000036,0.96,1.0,0.0,1.0,0.0,field_renaming__key_value_swap__additive__wa0.25_wb0.75,0.0,1.0,0.0,0.0,True,field_renaming_key_value_swap,,additive,True,highly_similar,44,field_renaming,key_value_swap,zip,test_latent,0.25,0.75
True,0.94,0.06000000000000005,0.94,1.0,0.96,0.040000000000000036,0.96,1.0,0.0,0.88,0.0,field_renaming__key_value_swap__additive__wa0.25_wb0.75,0.0,0.88,0.0,0.0,True,field_renaming_key_value_swap,,additive,True,highly_similar,44,field_renaming,key_value_swap,zip,test_composition_ood,0.25,0.75
True,1.0,0.0,1.0,1.0,0.76,0.24,0.76,1.0,0.0,1.0,0.0,field_renaming__key_value_swap__additive__wa0.5_wb0.5,0.0,1.0,0.0,0.0,True,field_renaming_key_value_swap,,additive,True,highly_similar,42,field_renaming,key_value_swap,zip,test_iid,0.5,0.5
True,1.0,0.0,1.0,1.0,0.76,0.24,0.76,1.0,0.0,1.0,0.0,field_renaming__key_value_swap__additive__wa0.5_wb0.5,0.0,1.0,0.0,0.0,True,field_renaming_key_value_swap,,additive,True,highly_similar,42,field_renaming,key_value_swap,zip,test_latent,0.5,0.5
True,1.0,0.0,1.0,1.0,0.76,0.24,0.76,1.0,0.0,0.98,0.0,field_renaming__key_value_swap__additive__wa0.5_wb0.5,0.0,0.98,0.0,0.0,True,field_renaming_key_value_swap,,additive,True,highly_similar,42,field_renaming,key_value_swap,zip,test_composition_ood,0.5,0.5
True,0.86,0.14,0.86,1.0,0.74,0.26,0.74,1.0,0.0,1.0,0.0,field_renaming__key_value_swap__additive__wa0.5_wb0.5,0.0,1.0,0.0,0.0,True,field_renaming_key_value_swap,,additive,True,highly_similar,43,field_renaming,key_value_swap,zip,test_iid,0.5,0.5
True,0.86,0.14,0.86,1.0,0.74,0.26,0.74,1.0,0.0,1.0,0.0,field_renaming__key_value_swap__additive__wa0.5_wb0.5,0.0,1.0,0.0,0.0,True,field_renaming_key_value_swap,,additive,True,highly_similar,43,field_renaming,key_value_swap,zip,test_latent,0.5,0.5
True,0.86,0.14,0.86,1.0,0.74,0.26,0.74,1.0,0.0,0.86,0.0,field_renaming__key_value_swap__additive__wa0.5_wb0.5,0.0,0.86,0.0,0.0,True,field_renaming_key_value_swap,,additive,True,highly_similar,43,field_renaming,key_value_swap,zip,test_composition_ood,0.5,0.5
True,0.98,0.020000000000000018,0.98,1.0,0.6,0.4,0.6,1.0,0.0,1.0,0.0,field_renaming__key_value_swap__additive__wa0.5_wb0.5,0.0,1.0,0.0,0.0,True,field_renaming_key_value_swap,,additive,True,highly_similar,44,field_renaming,key_value_swap,zip,test_iid,0.5,0.5
True,0.98,0.020000000000000018,0.98,1.0,0.6,0.4,0.6,1.0,0.0,1.0,0.0,field_renaming__key_value_swap__additive__wa0.5_wb0.5,0.0,1.0,0.0,0.0,True,field_renaming_key_value_swap,,additive,True,highly_similar,44,field_renaming,key_value_swap,zip,test_latent,0.5,0.5
True,0.98,0.020000000000000018,0.98,1.0,0.6,0.4,0.6,1.0,0.0,0.88,0.0,field_renaming__key_value_swap__additive__wa0.5_wb0.5,0.0,0.88,0.0,0.0,True,field_renaming_key_value_swap,,additive,True,highly_similar,44,field_renaming,key_value_swap,zip,test_composition_ood,0.5,0.5
True,1.0,0.0,1.0,1.0,0.54,0.45999999999999996,0.54,1.0,0.0,1.0,0.0,field_renaming__key_value_swap__additive__wa0.75_wb0.25,0.0,1.0,0.0,0.0,True,field_renaming_key_value_swap,,additive,True,highly_similar,42,field_renaming,key_value_swap,zip,test_iid,0.75,0.25
True,1.0,0.0,1.0,1.0,0.54,0.45999999999999996,0.54,1.0,0.0,1.0,0.0,field_renaming__key_value_swap__additive__wa0.75_wb0.25,0.0,1.0,0.0,0.0,True,field_renaming_key_value_swap,,additive,True,highly_similar,42,field_renaming,key_value_swap,zip,test_latent,0.75,0.25
True,1.0,0.0,1.0,1.0,0.54,0.45999999999999996,0.54,1.0,0.0,0.98,0.0,field_renaming__key_value_swap__additive__wa0.75_wb0.25,0.0,0.98,0.0,0.0,True,field_renaming_key_value_swap,,additive,True,highly_similar,42,field_renaming,key_value_swap,zip,test_composition_ood,0.75,0.25
True,1.0,0.0,1.0,1.0,0.38,0.62,0.38,1.0,0.0,1.0,0.0,field_renaming__key_value_swap__additive__wa0.75_wb0.25,0.0,1.0,0.0,0.0,True,field_renaming_key_value_swap,,additive,True,highly_similar,43,field_renaming,key_value_swap,zip,test_iid,0.75,0.25
True,1.0,0.0,1.0,1.0,0.38,0.62,0.38,1.0,0.0,1.0,0.0,field_renaming__key_value_swap__additive__wa0.75_wb0.25,0.0,1.0,0.0,0.0,True,field_renaming_key_value_swap,,additive,True,highly_similar,43,field_renaming,key_value_swap,zip,test_latent,0.75,0.25
True,1.0,0.0,1.0,1.0,0.38,0.62,0.38,1.0,0.0,0.86,0.0,field_renaming__key_value_swap__additive__wa0.75_wb0.25,0.0,0.86,0.0,0.0,True,field_renaming_key_value_swap,,additive,True,highly_similar,43,field_renaming,key_value_swap,zip,test_composition_ood,0.75,0.25
True,1.0,0.0,1.0,1.0,0.3,0.7,0.3,1.0,0.0,1.0,0.0,field_renaming__key_value_swap__additive__wa0.75_wb0.25,0.0,1.0,0.0,0.0,True,field_renaming_key_value_swap,,additive,True,highly_similar,44,field_renaming,key_value_swap,zip,test_iid,0.75,0.25
True,1.0,0.0,1.0,1.0,0.3,0.7,0.3,1.0,0.0,1.0,0.0,field_renaming__key_value_swap__additive__wa0.75_wb0.25,0.0,1.0,0.0,0.0,True,field_renaming_key_value_swap,,additive,True,highly_similar,44,field_renaming,key_value_swap,zip,test_latent,0.75,0.25
True,1.0,0.0,1.0,1.0,0.3,0.7,0.3,1.0,0.0,0.88,0.0,field_renaming__key_value_swap__additive__wa0.75_wb0.25,0.0,0.88,0.0,0.0,True,field_renaming_key_value_swap,,additive,True,highly_similar,44,field_renaming,key_value_swap,zip,test_composition_ood,0.75,0.25
True,0.64,0.36,0.64,1.0,1.0,0.0,1.0,1.0,0.0,1.0,0.0,field_renaming__key_value_swap__cat__wa0.25_wb0.75,0.0,1.0,0.0,0.0,True,field_renaming_key_value_swap,,cat,True,highly_similar,42,field_renaming,key_value_swap,zip,test_iid,0.25,0.75
True,0.64,0.36,0.64,1.0,1.0,0.0,1.0,1.0,0.0,1.0,0.0,field_renaming__key_value_swap__cat__wa0.25_wb0.75,0.0,1.0,0.0,0.0,True,field_renaming_key_value_swap,,cat,True,highly_similar,42,field_renaming,key_value_swap,zip,test_latent,0.25,0.75
True,0.64,0.36,0.64,1.0,1.0,0.0,1.0,1.0,0.0,0.98,0.0,field_renaming__key_value_swap__cat__wa0.25_wb0.75,0.0,0.98,0.0,0.0,True,field_renaming_key_value_swap,,cat,True,highly_similar,42,field_renaming,key_value_swap,zip,test_composition_ood,0.25,0.75
True,0.74,0.26,0.74,1.0,1.0,0.0,1.0,1.0,0.0,1.0,0.0,field_renaming__key_value_swap__cat__wa0.25_wb0.75,0.0,1.0,0.0,0.0,True,field_renaming_key_value_swap,,cat,True,highly_similar,43,field_renaming,key_value_swap,zip,test_iid,0.25,0.75
True,0.74,0.26,0.74,1.0,1.0,0.0,1.0,1.0,0.0,1.0,0.0,field_renaming__key_value_swap__cat__wa0.25_wb0.75,0.0,1.0,0.0,0.0,True,field_renaming_key_value_swap,,cat,True,highly_similar,43,field_renaming,key_value_swap,zip,test_latent,0.25,0.75
True,0.74,0.26,0.74,1.0,1.0,0.0,1.0,1.0,0.0,0.86,0.0,field_renaming__key_value_swap__cat__wa0.25_wb0.75,0.0,0.86,0.0,0.0,True,field_renaming_key_value_swap,,cat,True,highly_similar,43,field_renaming,key_value_swap,zip,test_composition_ood,0.25,0.75
True,0.8,0.19999999999999996,0.8,1.0,1.0,0.0,1.0,1.0,0.0,1.0,0.0,field_renaming__key_value_swap__cat__wa0.25_wb0.75,0.0,1.0,0.0,0.0,True,field_renaming_key_value_swap,,cat,True,highly_similar,44,field_renaming,key_value_swap,zip,test_iid,0.25,0.75
True,0.8,0.19999999999999996,0.8,1.0,1.0,0.0,1.0,1.0,0.0,1.0,0.0,field_renaming__key_value_swap__cat__wa0.25_wb0.75,0.0,1.0,0.0,0.0,True,field_renaming_key_value_swap,,cat,True,highly_similar,44,field_renaming,key_value_swap,zip,test_latent,0.25,0.75
True,0.8,0.19999999999999996,0.8,1.0,1.0,0.0,1.0,1.0,0.0,0.88,0.0,field_renaming__key_value_swap__cat__wa0.25_wb0.75,0.0,0.88,0.0,0.0,True,field_renaming_key_value_swap,,cat,True,highly_similar,44,field_renaming,key_value_swap,zip,test_composition_ood,0.25,0.75
True,1.0,0.0,1.0,1.0,0.96,0.040000000000000036,0.96,1.0,0.0,1.0,0.0,field_renaming__key_value_swap__cat__wa0.5_wb0.5,0.0,1.0,0.0,0.0,True,field_renaming_key_value_swap,,cat,True,highly_similar,42,field_renaming,key_value_swap,zip,test_iid,0.5,0.5
True,1.0,0.0,1.0,1.0,0.96,0.040000000000000036,0.96,1.0,0.0,1.0,0.0,field_renaming__key_value_swap__cat__wa0.5_wb0.5,0.0,1.0,0.0,0.0,True,field_renaming_key_value_swap,,cat,True,highly_similar,42,field_renaming,key_value_swap,zip,test_latent,0.5,0.5
True,1.0,0.0,1.0,1.0,0.96,0.040000000000000036,0.96,1.0,0.0,0.98,0.0,field_renaming__key_value_swap__cat__wa0.5_wb0.5,0.0,0.98,0.0,0.0,True,field_renaming_key_value_swap,,cat,True,highly_similar,42,field_renaming,key_value_swap,zip,test_composition_ood,0.5,0.5
True,1.0,0.0,1.0,1.0,0.96,0.040000000000000036,0.96,1.0,0.0,1.0,0.0,field_renaming__key_value_swap__cat__wa0.5_wb0.5,0.0,1.0,0.0,0.0,True,field_renaming_key_value_swap,,cat,True,highly_similar,43,field_renaming,key_value_swap,zip,test_iid,0.5,0.5
True,1.0,0.0,1.0,1.0,0.96,0.040000000000000036,0.96,1.0,0.0,1.0,0.0,field_renaming__key_value_swap__cat__wa0.5_wb0.5,0.0,1.0,0.0,0.0,True,field_renaming_key_value_swap,,cat,True,highly_similar,43,field_renaming,key_value_swap,zip,test_latent,0.5,0.5
True,1.0,0.0,1.0,1.0,0.96,0.040000000000000036,0.96,1.0,0.0,0.86,0.0,field_renaming__key_value_swap__cat__wa0.5_wb0.5,0.0,0.86,0.0,0.0,True,field_renaming_key_value_swap,,cat,True,highly_similar,43,field_renaming,key_value_swap,zip,test_composition_ood,0.5,0.5
True,1.0,0.0,1.0,1.0,0.96,0.040000000000000036,0.96,1.0,0.0,1.0,0.0,field_renaming__key_value_swap__cat__wa0.5_wb0.5,0.0,1.0,0.0,0.0,True,field_renaming_key_value_swap,,cat,True,highly_similar,44,field_renaming,key_value_swap,zip,test_iid,0.5,0.5
True,1.0,0.0,1.0,1.0,0.96,0.040000000000000036,0.96,1.0,0.0,1.0,0.0,field_renaming__key_value_swap__cat__wa0.5_wb0.5,0.0,1.0,0.0,0.0,True,field_renaming_key_value_swap,,cat,True,highly_similar,44,field_renaming,key_value_swap,zip,test_latent,0.5,0.5
True,1.0,0.0,1.0,1.0,0.96,0.040000000000000036,0.96,1.0,0.0,0.88,0.0,field_renaming__key_value_swap__cat__wa0.5_wb0.5,0.0,0.88,0.0,0.0,True,field_renaming_key_value_swap,,cat,True,highly_similar,44,field_renaming,key_value_swap,zip,test_composition_ood,0.5,0.5
True,1.0,0.0,1.0,1.0,0.68,0.31999999999999995,0.68,1.0,0.0,1.0,0.0,field_renaming__key_value_swap__cat__wa0.75_wb0.25,0.0,1.0,0.0,0.0,True,field_renaming_key_value_swap,,cat,True,highly_similar,42,field_renaming,key_value_swap,zip,test_iid,0.75,0.25
True,1.0,0.0,1.0,1.0,0.68,0.31999999999999995,0.68,1.0,0.0,1.0,0.0,field_renaming__key_value_swap__cat__wa0.75_wb0.25,0.0,1.0,0.0,0.0,True,field_renaming_key_value_swap,,cat,True,highly_similar,42,field_renaming,key_value_swap,zip,test_latent,0.75,0.25
True,1.0,0.0,1.0,1.0,0.68,0.31999999999999995,0.68,1.0,0.0,0.98,0.0,field_renaming__key_value_swap__cat__wa0.75_wb0.25,0.0,0.98,0.0,0.0,True,field_renaming_key_value_swap,,cat,True,highly_similar,42,field_renaming,key_value_swap,zip,test_composition_ood,0.75,0.25
True,1.0,0.0,1.0,1.0,0.54,0.45999999999999996,0.54,1.0,0.0,1.0,0.0,field_renaming__key_value_swap__cat__wa0.75_wb0.25,0.0,1.0,0.0,0.0,True,field_renaming_key_value_swap,,cat,True,highly_similar,43,field_renaming,key_value_swap,zip,test_iid,0.75,0.25
True,1.0,0.0,1.0,1.0,0.54,0.45999999999999996,0.54,1.0,0.0,1.0,0.0,field_renaming__key_value_swap__cat__wa0.75_wb0.25,0.0,1.0,0.0,0.0,True,field_renaming_key_value_swap,,cat,True,highly_similar,43,field_renaming,key_value_swap,zip,test_latent,0.75,0.25
True,1.0,0.0,1.0,1.0,0.54,0.45999999999999996,0.54,1.0,0.0,0.86,0.0,field_renaming__key_value_swap__cat__wa0.75_wb0.25,0.0,0.86,0.0,0.0,True,field_renaming_key_value_swap,,cat,True,highly_similar,43,field_renaming,key_value_swap,zip,test_composition_ood,0.75,0.25
True,1.0,0.0,1.0,1.0,0.62,0.38,0.62,1.0,0.0,1.0,0.0,field_renaming__key_value_swap__cat__wa0.75_wb0.25,0.0,1.0,0.0,0.0,True,field_renaming_key_value_swap,,cat,True,highly_similar,44,field_renaming,key_value_swap,zip,test_iid,0.75,0.25
True,1.0,0.0,1.0,1.0,0.62,0.38,0.62,1.0,0.0,1.0,0.0,field_renaming__key_value_swap__cat__wa0.75_wb0.25,0.0,1.0,0.0,0.0,True,field_renaming_key_value_swap,,cat,True,highly_similar,44,field_renaming,key_value_swap,zip,test_latent,0.75,0.25
True,1.0,0.0,1.0,1.0,0.62,0.38,0.62,1.0,0.0,0.88,0.0,field_renaming__key_value_swap__cat__wa0.75_wb0.25,0.0,0.88,0.0,0.0,True,field_renaming_key_value_swap,,cat,True,highly_similar,44,field_renaming,key_value_swap,zip,test_composition_ood,0.75,0.25
True,0.76,0.24,0.76,1.0,1.0,0.0,1.0,1.0,0.0,1.0,0.0,field_sorting__duplicate_removal__additive__wa0.25_wb0.75,0.0,1.0,0.0,0.0,False,field_sorting_duplicate_removal,,additive,True,overlapping,42,field_sorting,duplicate_removal,zip,test_iid,0.25,0.75
True,0.76,0.24,0.76,1.0,1.0,0.0,1.0,1.0,0.0,0.88,0.0,field_sorting__duplicate_removal__additive__wa0.25_wb0.75,0.0,0.88,0.0,0.0,False,field_sorting_duplicate_removal,,additive,True,overlapping,42,field_sorting,duplicate_removal,zip,test_latent,0.25,0.75
True,0.76,0.24,0.76,1.0,1.0,0.0,1.0,1.0,0.0,0.0,0.0,field_sorting__duplicate_removal__additive__wa0.25_wb0.75,0.0,0.0,0.0,0.0,False,field_sorting_duplicate_removal,,additive,True,overlapping,42,field_sorting,duplicate_removal,zip,test_composition_ood,0.25,0.75
True,0.62,0.38,0.62,1.0,0.96,0.040000000000000036,0.96,1.0,0.0,1.0,0.0,field_sorting__duplicate_removal__additive__wa0.25_wb0.75,0.0,1.0,0.0,0.0,True,field_sorting_duplicate_removal,,additive,True,overlapping,43,field_sorting,duplicate_removal,zip,test_iid,0.25,0.75
True,0.62,0.38,0.62,1.0,0.96,0.040000000000000036,0.96,1.0,0.0,1.0,0.0,field_sorting__duplicate_removal__additive__wa0.25_wb0.75,0.0,1.0,0.0,0.0,True,field_sorting_duplicate_removal,,additive,True,overlapping,43,field_sorting,duplicate_removal,zip,test_latent,0.25,0.75
True,0.62,0.38,0.62,1.0,0.96,0.040000000000000036,0.96,1.0,0.0,0.34,0.0,field_sorting__duplicate_removal__additive__wa0.25_wb0.75,0.0,0.34,0.0,0.0,True,field_sorting_duplicate_removal,,additive,True,overlapping,43,field_sorting,duplicate_removal,zip,test_composition_ood,0.25,0.75
True,0.68,0.31999999999999995,0.68,1.0,1.0,0.0,1.0,1.0,0.0,1.0,0.0,field_sorting__duplicate_removal__additive__wa0.25_wb0.75,0.0,1.0,0.0,0.0,True,field_sorting_duplicate_removal,,additive,True,overlapping,44,field_sorting,duplicate_removal,zip,test_iid,0.25,0.75
True,0.68,0.31999999999999995,0.68,1.0,1.0,0.0,1.0,1.0,0.0,1.0,0.0,field_sorting__duplicate_removal__additive__wa0.25_wb0.75,0.0,1.0,0.0,0.0,True,field_sorting_duplicate_removal,,additive,True,overlapping,44,field_sorting,duplicate_removal,zip,test_latent,0.25,0.75
True,0.68,0.31999999999999995,0.68,1.0,1.0,0.0,1.0,1.0,0.0,1.0,0.0,field_sorting__duplicate_removal__additive__wa0.25_wb0.75,0.0,1.0,0.0,0.0,True,field_sorting_duplicate_removal,,additive,True,overlapping,44,field_sorting,duplicate_removal,zip,test_composition_ood,0.25,0.75
True,0.76,0.24,0.76,1.0,1.0,0.0,1.0,1.0,0.0,1.0,0.0,field_sorting__duplicate_removal__additive__wa0.5_wb0.5,0.0,1.0,0.0,0.0,False,field_sorting_duplicate_removal,,additive,True,overlapping,42,field_sorting,duplicate_removal,zip,test_iid,0.5,0.5
True,0.76,0.24,0.76,1.0,1.0,0.0,1.0,1.0,0.0,0.88,0.0,field_sorting__duplicate_removal__additive__wa0.5_wb0.5,0.0,0.88,0.0,0.0,False,field_sorting_duplicate_removal,,additive,True,overlapping,42,field_sorting,duplicate_removal,zip,test_latent,0.5,0.5
True,0.76,0.24,0.76,1.0,1.0,0.0,1.0,1.0,0.0,0.0,0.0,field_sorting__duplicate_removal__additive__wa0.5_wb0.5,0.0,0.0,0.0,0.0,False,field_sorting_duplicate_removal,,additive,True,overlapping,42,field_sorting,duplicate_removal,zip,test_composition_ood,0.5,0.5
True,0.62,0.38,0.62,1.0,0.98,0.020000000000000018,0.98,1.0,0.0,1.0,0.0,field_sorting__duplicate_removal__additive__wa0.5_wb0.5,0.0,1.0,0.0,0.0,True,field_sorting_duplicate_removal,,additive,True,overlapping,43,field_sorting,duplicate_removal,zip,test_iid,0.5,0.5
True,0.62,0.38,0.62,1.0,0.98,0.020000000000000018,0.98,1.0,0.0,1.0,0.0,field_sorting__duplicate_removal__additive__wa0.5_wb0.5,0.0,1.0,0.0,0.0,True,field_sorting_duplicate_removal,,additive,True,overlapping,43,field_sorting,duplicate_removal,zip,test_latent,0.5,0.5
True,0.62,0.38,0.62,1.0,0.98,0.020000000000000018,0.98,1.0,0.0,0.34,0.0,field_sorting__duplicate_removal__additive__wa0.5_wb0.5,0.0,0.34,0.0,0.0,True,field_sorting_duplicate_removal,,additive,True,overlapping,43,field_sorting,duplicate_removal,zip,test_composition_ood,0.5,0.5
True,0.68,0.31999999999999995,0.68,1.0,0.96,0.040000000000000036,0.96,1.0,0.0,1.0,0.0,field_sorting__duplicate_removal__additive__wa0.5_wb0.5,0.0,1.0,0.0,0.0,True,field_sorting_duplicate_removal,,additive,True,overlapping,44,field_sorting,duplicate_removal,zip,test_iid,0.5,0.5
True,0.68,0.31999999999999995,0.68,1.0,0.96,0.040000000000000036,0.96,1.0,0.0,1.0,0.0,field_sorting__duplicate_removal__additive__wa0.5_wb0.5,0.0,1.0,0.0,0.0,True,field_sorting_duplicate_removal,,additive,True,overlapping,44,field_sorting,duplicate_removal,zip,test_latent,0.5,0.5
True,0.68,0.31999999999999995,0.68,1.0,0.96,0.040000000000000036,0.96,1.0,0.0,1.0,0.0,field_sorting__duplicate_removal__additive__wa0.5_wb0.5,0.0,1.0,0.0,0.0,True,field_sorting_duplicate_removal,,additive,True,overlapping,44,field_sorting,duplicate_removal,zip,test_composition_ood,0.5,0.5
True,0.92,0.07999999999999996,0.92,1.0,0.72,0.28,0.72,1.0,0.0,1.0,0.0,field_sorting__duplicate_removal__additive__wa0.75_wb0.25,0.0,1.0,0.0,0.0,False,field_sorting_duplicate_removal,,additive,True,overlapping,42,field_sorting,duplicate_removal,zip,test_iid,0.75,0.25
True,0.92,0.07999999999999996,0.92,1.0,0.72,0.28,0.72,1.0,0.0,0.88,0.0,field_sorting__duplicate_removal__additive__wa0.75_wb0.25,0.0,0.88,0.0,0.0,False,field_sorting_duplicate_removal,,additive,True,overlapping,42,field_sorting,duplicate_removal,zip,test_latent,0.75,0.25
True,0.92,0.07999999999999996,0.92,1.0,0.72,0.28,0.72,1.0,0.0,0.0,0.0,field_sorting__duplicate_removal__additive__wa0.75_wb0.25,0.0,0.0,0.0,0.0,False,field_sorting_duplicate_removal,,additive,True,overlapping,42,field_sorting,duplicate_removal,zip,test_composition_ood,0.75,0.25
True,0.66,0.33999999999999997,0.66,1.0,0.94,0.06000000000000005,0.94,1.0,0.0,1.0,0.0,field_sorting__duplicate_removal__additive__wa0.75_wb0.25,0.0,1.0,0.0,0.0,True,field_sorting_duplicate_removal,,additive,True,overlapping,43,field_sorting,duplicate_removal,zip,test_iid,0.75,0.25
True,0.66,0.33999999999999997,0.66,1.0,0.94,0.06000000000000005,0.94,1.0,0.0,1.0,0.0,field_sorting__duplicate_removal__additive__wa0.75_wb0.25,0.0,1.0,0.0,0.0,True,field_sorting_duplicate_removal,,additive,True,overlapping,43,field_sorting,duplicate_removal,zip,test_latent,0.75,0.25
True,0.66,0.33999999999999997,0.66,1.0,0.94,0.06000000000000005,0.94,1.0,0.0,0.34,0.0,field_sorting__duplicate_removal__additive__wa0.75_wb0.25,0.0,0.34,0.0,0.0,True,field_sorting_duplicate_removal,,additive,True,overlapping,43,field_sorting,duplicate_removal,zip,test_composition_ood,0.75,0.25
True,0.76,0.24,0.76,1.0,0.66,0.33999999999999997,0.66,1.0,0.0,1.0,0.0,field_sorting__duplicate_removal__additive__wa0.75_wb0.25,0.0,1.0,0.0,0.0,True,field_sorting_duplicate_removal,,additive,True,overlapping,44,field_sorting,duplicate_removal,zip,test_iid,0.75,0.25
True,0.76,0.24,0.76,1.0,0.66,0.33999999999999997,0.66,1.0,0.0,1.0,0.0,field_sorting__duplicate_removal__additive__wa0.75_wb0.25,0.0,1.0,0.0,0.0,True,field_sorting_duplicate_removal,,additive,True,overlapping,44,field_sorting,duplicate_removal,zip,test_latent,0.75,0.25
True,0.76,0.24,0.76,1.0,0.66,0.33999999999999997,0.66,1.0,0.0,1.0,0.0,field_sorting__duplicate_removal__additive__wa0.75_wb0.25,0.0,1.0,0.0,0.0,True,field_sorting_duplicate_removal,,additive,True,overlapping,44,field_sorting,duplicate_removal,zip,test_composition_ood,0.75,0.25
True,0.76,0.24,0.76,1.0,1.0,0.0,1.0,1.0,0.0,1.0,0.0,field_sorting__duplicate_removal__cat__wa0.25_wb0.75,0.0,1.0,0.0,0.0,False,field_sorting_duplicate_removal,,cat,True,overlapping,42,field_sorting,duplicate_removal,zip,test_iid,0.25,0.75
True,0.76,0.24,0.76,1.0,1.0,0.0,1.0,1.0,0.0,0.88,0.0,field_sorting__duplicate_removal__cat__wa0.25_wb0.75,0.0,0.88,0.0,0.0,False,field_sorting_duplicate_removal,,cat,True,overlapping,42,field_sorting,duplicate_removal,zip,test_latent,0.25,0.75
True,0.76,0.24,0.76,1.0,1.0,0.0,1.0,1.0,0.0,0.0,0.0,field_sorting__duplicate_removal__cat__wa0.25_wb0.75,0.0,0.0,0.0,0.0,False,field_sorting_duplicate_removal,,cat,True,overlapping,42,field_sorting,duplicate_removal,zip,test_composition_ood,0.25,0.75
True,0.62,0.38,0.62,1.0,1.0,0.0,1.0,1.0,0.0,1.0,0.0,field_sorting__duplicate_removal__cat__wa0.25_wb0.75,0.0,1.0,0.0,0.0,True,field_sorting_duplicate_removal,,cat,True,overlapping,43,field_sorting,duplicate_removal,zip,test_iid,0.25,0.75
True,0.62,0.38,0.62,1.0,1.0,0.0,1.0,1.0,0.0,1.0,0.0,field_sorting__duplicate_removal__cat__wa0.25_wb0.75,0.0,1.0,0.0,0.0,True,field_sorting_duplicate_removal,,cat,True,overlapping,43,field_sorting,duplicate_removal,zip,test_latent,0.25,0.75
True,0.62,0.38,0.62,1.0,1.0,0.0,1.0,1.0,0.0,0.34,0.0,field_sorting__duplicate_removal__cat__wa0.25_wb0.75,0.0,0.34,0.0,0.0,True,field_sorting_duplicate_removal,,cat,True,overlapping,43,field_sorting,duplicate_removal,zip,test_composition_ood,0.25,0.75
True,0.72,0.28,0.72,1.0,0.96,0.040000000000000036,0.96,1.0,0.0,1.0,0.0,field_sorting__duplicate_removal__cat__wa0.25_wb0.75,0.0,1.0,0.0,0.0,True,field_sorting_duplicate_removal,,cat,True,overlapping,44,field_sorting,duplicate_removal,zip,test_iid,0.25,0.75
True,0.72,0.28,0.72,1.0,0.96,0.040000000000000036,0.96,1.0,0.0,1.0,0.0,field_sorting__duplicate_removal__cat__wa0.25_wb0.75,0.0,1.0,0.0,0.0,True,field_sorting_duplicate_removal,,cat,True,overlapping,44,field_sorting,duplicate_removal,zip,test_latent,0.25,0.75
True,0.72,0.28,0.72,1.0,0.96,0.040000000000000036,0.96,1.0,0.0,1.0,0.0,field_sorting__duplicate_removal__cat__wa0.25_wb0.75,0.0,1.0,0.0,0.0,True,field_sorting_duplicate_removal,,cat,True,overlapping,44,field_sorting,duplicate_removal,zip,test_composition_ood,0.25,0.75
True,0.76,0.24,0.76,1.0,0.72,0.28,0.72,1.0,0.0,1.0,0.0,field_sorting__duplicate_removal__cat__wa0.5_wb0.5,0.0,1.0,0.0,0.0,False,field_sorting_duplicate_removal,,cat,True,overlapping,42,field_sorting,duplicate_removal,zip,test_iid,0.5,0.5
True,0.76,0.24,0.76,1.0,0.72,0.28,0.72,1.0,0.0,0.88,0.0,field_sorting__duplicate_removal__cat__wa0.5_wb0.5,0.0,0.88,0.0,0.0,False,field_sorting_duplicate_removal,,cat,True,overlapping,42,field_sorting,duplicate_removal,zip,test_latent,0.5,0.5
True,0.76,0.24,0.76,1.0,0.72,0.28,0.72,1.0,0.0,0.0,0.0,field_sorting__duplicate_removal__cat__wa0.5_wb0.5,0.0,0.0,0.0,0.0,False,field_sorting_duplicate_removal,,cat,True,overlapping,42,field_sorting,duplicate_removal,zip,test_composition_ood,0.5,0.5
True,0.62,0.38,0.62,1.0,0.88,0.12,0.88,1.0,0.0,1.0,0.0,field_sorting__duplicate_removal__cat__wa0.5_wb0.5,0.0,1.0,0.0,0.0,True,field_sorting_duplicate_removal,,cat,True,overlapping,43,field_sorting,duplicate_removal,zip,test_iid,0.5,0.5
True,0.62,0.38,0.62,1.0,0.88,0.12,0.88,1.0,0.0,1.0,0.0,field_sorting__duplicate_removal__cat__wa0.5_wb0.5,0.0,1.0,0.0,0.0,True,field_sorting_duplicate_removal,,cat,True,overlapping,43,field_sorting,duplicate_removal,zip,test_latent,0.5,0.5
True,0.62,0.38,0.62,1.0,0.88,0.12,0.88,1.0,0.0,0.34,0.0,field_sorting__duplicate_removal__cat__wa0.5_wb0.5,0.0,0.34,0.0,0.0,True,field_sorting_duplicate_removal,,cat,True,overlapping,43,field_sorting,duplicate_removal,zip,test_composition_ood,0.5,0.5
True,0.72,0.28,0.72,1.0,0.76,0.24,0.76,1.0,0.0,1.0,0.0,field_sorting__duplicate_removal__cat__wa0.5_wb0.5,0.0,1.0,0.0,0.0,True,field_sorting_duplicate_removal,,cat,True,overlapping,44,field_sorting,duplicate_removal,zip,test_iid,0.5,0.5
True,0.72,0.28,0.72,1.0,0.76,0.24,0.76,1.0,0.0,1.0,0.0,field_sorting__duplicate_removal__cat__wa0.5_wb0.5,0.0,1.0,0.0,0.0,True,field_sorting_duplicate_removal,,cat,True,overlapping,44,field_sorting,duplicate_removal,zip,test_latent,0.5,0.5
True,0.72,0.28,0.72,1.0,0.76,0.24,0.76,1.0,0.0,1.0,0.0,field_sorting__duplicate_removal__cat__wa0.5_wb0.5,0.0,1.0,0.0,0.0,True,field_sorting_duplicate_removal,,cat,True,overlapping,44,field_sorting,duplicate_removal,zip,test_composition_ood,0.5,0.5
True,0.98,0.020000000000000018,0.98,1.0,0.22,0.78,0.22,1.0,0.0,1.0,0.0,field_sorting__duplicate_removal__cat__wa0.75_wb0.25,0.0,1.0,0.0,0.0,False,field_sorting_duplicate_removal,,cat,True,overlapping,42,field_sorting,duplicate_removal,zip,test_iid,0.75,0.25
True,0.98,0.020000000000000018,0.98,1.0,0.22,0.78,0.22,1.0,0.0,0.88,0.0,field_sorting__duplicate_removal__cat__wa0.75_wb0.25,0.0,0.88,0.0,0.0,False,field_sorting_duplicate_removal,,cat,True,overlapping,42,field_sorting,duplicate_removal,zip,test_latent,0.75,0.25
True,0.98,0.020000000000000018,0.98,1.0,0.22,0.78,0.22,1.0,0.0,0.0,0.0,field_sorting__duplicate_removal__cat__wa0.75_wb0.25,0.0,0.0,0.0,0.0,False,field_sorting_duplicate_removal,,cat,True,overlapping,42,field_sorting,duplicate_removal,zip,test_composition_ood,0.75,0.25
True,1.0,0.0,1.0,1.0,0.42,0.5800000000000001,0.42,1.0,0.0,1.0,0.0,field_sorting__duplicate_removal__cat__wa0.75_wb0.25,0.0,1.0,0.0,0.0,True,field_sorting_duplicate_removal,,cat,True,overlapping,43,field_sorting,duplicate_removal,zip,test_iid,0.75,0.25
True,1.0,0.0,1.0,1.0,0.42,0.5800000000000001,0.42,1.0,0.0,1.0,0.0,field_sorting__duplicate_removal__cat__wa0.75_wb0.25,0.0,1.0,0.0,0.0,True,field_sorting_duplicate_removal,,cat,True,overlapping,43,field_sorting,duplicate_removal,zip,test_latent,0.75,0.25
True,1.0,0.0,1.0,1.0,0.42,0.5800000000000001,0.42,1.0,0.0,0.34,0.0,field_sorting__duplicate_removal__cat__wa0.75_wb0.25,0.0,0.34,0.0,0.0,True,field_sorting_duplicate_removal,,cat,True,overlapping,43,field_sorting,duplicate_removal,zip,test_composition_ood,0.75,0.25
True,1.0,0.0,1.0,1.0,0.22,0.78,0.22,1.0,0.0,1.0,0.0,field_sorting__duplicate_removal__cat__wa0.75_wb0.25,0.0,1.0,0.0,0.0,True,field_sorting_duplicate_removal,,cat,True,overlapping,44,field_sorting,duplicate_removal,zip,test_iid,0.75,0.25
True,1.0,0.0,1.0,1.0,0.22,0.78,0.22,1.0,0.0,1.0,0.0,field_sorting__duplicate_removal__cat__wa0.75_wb0.25,0.0,1.0,0.0,0.0,True,field_sorting_duplicate_removal,,cat,True,overlapping,44,field_sorting,duplicate_removal,zip,test_latent,0.75,0.25
True,1.0,0.0,1.0,1.0,0.22,0.78,0.22,1.0,0.0,1.0,0.0,field_sorting__duplicate_removal__cat__wa0.75_wb0.25,0.0,1.0,0.0,0.0,True,field_sorting_duplicate_removal,,cat,True,overlapping,44,field_sorting,duplicate_removal,zip,test_composition_ood,0.75,0.25
True,0.76,0.24,0.76,1.0,1.0,0.0,1.0,1.0,0.0,1.0,0.0,field_sorting__value_normalization__additive__wa0.25_wb0.75,0.0,1.0,0.0,0.0,False,field_sorting_value_normalization,,additive,True,overlapping,42,field_sorting,value_normalization,directory,test_iid,0.25,0.75
True,0.76,0.24,0.76,1.0,1.0,0.0,1.0,1.0,0.0,1.0,0.0,field_sorting__value_normalization__additive__wa0.25_wb0.75,0.0,1.0,0.0,0.0,False,field_sorting_value_normalization,,additive,True,overlapping,42,field_sorting,value_normalization,directory,test_latent,0.25,0.75
True,0.76,0.24,0.76,1.0,1.0,0.0,1.0,1.0,0.0,0.0,0.0,field_sorting__value_normalization__additive__wa0.25_wb0.75,0.0,0.0,0.0,0.0,False,field_sorting_value_normalization,,additive,True,overlapping,42,field_sorting,value_normalization,directory,test_composition_ood,0.25,0.75
True,0.62,0.38,0.62,1.0,1.0,0.0,1.0,1.0,0.0,1.0,0.0,field_sorting__value_normalization__additive__wa0.25_wb0.75,0.0,1.0,0.0,0.0,True,field_sorting_value_normalization,,additive,True,overlapping,43,field_sorting,value_normalization,directory,test_iid,0.25,0.75
True,0.62,0.38,0.62,1.0,1.0,0.0,1.0,1.0,0.0,1.0,0.0,field_sorting__value_normalization__additive__wa0.25_wb0.75,0.0,1.0,0.0,0.0,True,field_sorting_value_normalization,,additive,True,overlapping,43,field_sorting,value_normalization,directory,test_latent,0.25,0.75
True,0.62,0.38,0.62,1.0,1.0,0.0,1.0,1.0,0.0,0.0,0.0,field_sorting__value_normalization__additive__wa0.25_wb0.75,0.0,0.0,0.0,0.0,True,field_sorting_value_normalization,,additive,True,overlapping,43,field_sorting,value_normalization,directory,test_composition_ood,0.25,0.75
True,0.7,0.30000000000000004,0.7,1.0,1.0,0.0,1.0,1.0,0.0,1.0,0.0,field_sorting__value_normalization__additive__wa0.25_wb0.75,0.0,1.0,0.0,0.0,True,field_sorting_value_normalization,,additive,True,overlapping,44,field_sorting,value_normalization,directory,test_iid,0.25,0.75
True,0.7,0.30000000000000004,0.7,1.0,1.0,0.0,1.0,1.0,0.0,1.0,0.0,field_sorting__value_normalization__additive__wa0.25_wb0.75,0.0,1.0,0.0,0.0,True,field_sorting_value_normalization,,additive,True,overlapping,44,field_sorting,value_normalization,directory,test_latent,0.25,0.75
True,0.7,0.30000000000000004,0.7,1.0,1.0,0.0,1.0,1.0,0.0,0.0,0.0,field_sorting__value_normalization__additive__wa0.25_wb0.75,0.0,0.0,0.0,0.0,True,field_sorting_value_normalization,,additive,True,overlapping,44,field_sorting,value_normalization,directory,test_composition_ood,0.25,0.75
True,0.76,0.24,0.76,1.0,1.0,0.0,1.0,1.0,0.0,1.0,0.0,field_sorting__value_normalization__additive__wa0.5_wb0.5,0.0,1.0,0.0,0.0,False,field_sorting_value_normalization,,additive,True,overlapping,42,field_sorting,value_normalization,directory,test_iid,0.5,0.5
True,0.76,0.24,0.76,1.0,1.0,0.0,1.0,1.0,0.0,1.0,0.0,field_sorting__value_normalization__additive__wa0.5_wb0.5,0.0,1.0,0.0,0.0,False,field_sorting_value_normalization,,additive,True,overlapping,42,field_sorting,value_normalization,directory,test_latent,0.5,0.5
True,0.76,0.24,0.76,1.0,1.0,0.0,1.0,1.0,0.0,0.0,0.0,field_sorting__value_normalization__additive__wa0.5_wb0.5,0.0,0.0,0.0,0.0,False,field_sorting_value_normalization,,additive,True,overlapping,42,field_sorting,value_normalization,directory,test_composition_ood,0.5,0.5
True,0.62,0.38,0.62,1.0,1.0,0.0,1.0,1.0,0.0,1.0,0.0,field_sorting__value_normalization__additive__wa0.5_wb0.5,0.0,1.0,0.0,0.0,True,field_sorting_value_normalization,,additive,True,overlapping,43,field_sorting,value_normalization,directory,test_iid,0.5,0.5
True,0.62,0.38,0.62,1.0,1.0,0.0,1.0,1.0,0.0,1.0,0.0,field_sorting__value_normalization__additive__wa0.5_wb0.5,0.0,1.0,0.0,0.0,True,field_sorting_value_normalization,,additive,True,overlapping,43,field_sorting,value_normalization,directory,test_latent,0.5,0.5
True,0.62,0.38,0.62,1.0,1.0,0.0,1.0,1.0,0.0,0.0,0.0,field_sorting__value_normalization__additive__wa0.5_wb0.5,0.0,0.0,0.0,0.0,True,field_sorting_value_normalization,,additive,True,overlapping,43,field_sorting,value_normalization,directory,test_composition_ood,0.5,0.5
True,0.72,0.28,0.72,1.0,1.0,0.0,1.0,1.0,0.0,1.0,0.0,field_sorting__value_normalization__additive__wa0.5_wb0.5,0.0,1.0,0.0,0.0,True,field_sorting_value_normalization,,additive,True,overlapping,44,field_sorting,value_normalization,directory,test_iid,0.5,0.5
True,0.72,0.28,0.72,1.0,1.0,0.0,1.0,1.0,0.0,1.0,0.0,field_sorting__value_normalization__additive__wa0.5_wb0.5,0.0,1.0,0.0,0.0,True,field_sorting_value_normalization,,additive,True,overlapping,44,field_sorting,value_normalization,directory,test_latent,0.5,0.5
True,0.72,0.28,0.72,1.0,1.0,0.0,1.0,1.0,0.0,0.0,0.0,field_sorting__value_normalization__additive__wa0.5_wb0.5,0.0,0.0,0.0,0.0,True,field_sorting_value_normalization,,additive,True,overlapping,44,field_sorting,value_normalization,directory,test_composition_ood,0.5,0.5
True,0.76,0.24,0.76,1.0,0.94,0.06000000000000005,0.94,1.0,0.0,1.0,0.0,field_sorting__value_normalization__additive__wa0.75_wb0.25,0.0,1.0,0.0,0.0,False,field_sorting_value_normalization,,additive,True,overlapping,42,field_sorting,value_normalization,directory,test_iid,0.75,0.25
True,0.76,0.24,0.76,1.0,0.94,0.06000000000000005,0.94,1.0,0.0,1.0,0.0,field_sorting__value_normalization__additive__wa0.75_wb0.25,0.0,1.0,0.0,0.0,False,field_sorting_value_normalization,,additive,True,overlapping,42,field_sorting,value_normalization,directory,test_latent,0.75,0.25
True,0.76,0.24,0.76,1.0,0.94,0.06000000000000005,0.94,1.0,0.0,0.0,0.0,field_sorting__value_normalization__additive__wa0.75_wb0.25,0.0,0.0,0.0,0.0,False,field_sorting_value_normalization,,additive,True,overlapping,42,field_sorting,value_normalization,directory,test_composition_ood,0.75,0.25
True,0.62,0.38,0.62,1.0,0.94,0.06000000000000005,0.94,1.0,0.0,1.0,0.0,field_sorting__value_normalization__additive__wa0.75_wb0.25,0.0,1.0,0.0,0.0,True,field_sorting_value_normalization,,additive,True,overlapping,43,field_sorting,value_normalization,directory,test_iid,0.75,0.25
True,0.62,0.38,0.62,1.0,0.94,0.06000000000000005,0.94,1.0,0.0,1.0,0.0,field_sorting__value_normalization__additive__wa0.75_wb0.25,0.0,1.0,0.0,0.0,True,field_sorting_value_normalization,,additive,True,overlapping,43,field_sorting,value_normalization,directory,test_latent,0.75,0.25
True,0.62,0.38,0.62,1.0,0.94,0.06000000000000005,0.94,1.0,0.0,0.0,0.0,field_sorting__value_normalization__additive__wa0.75_wb0.25,0.0,0.0,0.0,0.0,True,field_sorting_value_normalization,,additive,True,overlapping,43,field_sorting,value_normalization,directory,test_composition_ood,0.75,0.25
True,0.72,0.28,0.72,1.0,0.96,0.040000000000000036,0.96,1.0,0.0,1.0,0.0,field_sorting__value_normalization__additive__wa0.75_wb0.25,0.0,1.0,0.0,0.0,True,field_sorting_value_normalization,,additive,True,overlapping,44,field_sorting,value_normalization,directory,test_iid,0.75,0.25
True,0.72,0.28,0.72,1.0,0.96,0.040000000000000036,0.96,1.0,0.0,1.0,0.0,field_sorting__value_normalization__additive__wa0.75_wb0.25,0.0,1.0,0.0,0.0,True,field_sorting_value_normalization,,additive,True,overlapping,44,field_sorting,value_normalization,directory,test_latent,0.75,0.25
True,0.72,0.28,0.72,1.0,0.96,0.040000000000000036,0.96,1.0,0.0,0.0,0.0,field_sorting__value_normalization__additive__wa0.75_wb0.25,0.0,0.0,0.0,0.0,True,field_sorting_value_normalization,,additive,True,overlapping,44,field_sorting,value_normalization,directory,test_composition_ood,0.75,0.25
True,0.76,0.24,0.76,1.0,1.0,0.0,1.0,1.0,0.0,1.0,0.0,field_sorting__value_normalization__cat__wa0.25_wb0.75,0.0,1.0,0.0,0.0,False,field_sorting_value_normalization,,cat,True,overlapping,42,field_sorting,value_normalization,directory,test_iid,0.25,0.75
True,0.76,0.24,0.76,1.0,1.0,0.0,1.0,1.0,0.0,1.0,0.0,field_sorting__value_normalization__cat__wa0.25_wb0.75,0.0,1.0,0.0,0.0,False,field_sorting_value_normalization,,cat,True,overlapping,42,field_sorting,value_normalization,directory,test_latent,0.25,0.75
True,0.76,0.24,0.76,1.0,1.0,0.0,1.0,1.0,0.0,0.0,0.0,field_sorting__value_normalization__cat__wa0.25_wb0.75,0.0,0.0,0.0,0.0,False,field_sorting_value_normalization,,cat,True,overlapping,42,field_sorting,value_normalization,directory,test_composition_ood,0.25,0.75
True,0.62,0.38,0.62,1.0,1.0,0.0,1.0,1.0,0.0,1.0,0.0,field_sorting__value_normalization__cat__wa0.25_wb0.75,0.0,1.0,0.0,0.0,True,field_sorting_value_normalization,,cat,True,overlapping,43,field_sorting,value_normalization,directory,test_iid,0.25,0.75
True,0.62,0.38,0.62,1.0,1.0,0.0,1.0,1.0,0.0,1.0,0.0,field_sorting__value_normalization__cat__wa0.25_wb0.75,0.0,1.0,0.0,0.0,True,field_sorting_value_normalization,,cat,True,overlapping,43,field_sorting,value_normalization,directory,test_latent,0.25,0.75
True,0.62,0.38,0.62,1.0,1.0,0.0,1.0,1.0,0.0,0.0,0.0,field_sorting__value_normalization__cat__wa0.25_wb0.75,0.0,0.0,0.0,0.0,True,field_sorting_value_normalization,,cat,True,overlapping,43,field_sorting,value_normalization,directory,test_composition_ood,0.25,0.75
True,0.72,0.28,0.72,1.0,1.0,0.0,1.0,1.0,0.0,1.0,0.0,field_sorting__value_normalization__cat__wa0.25_wb0.75,0.0,1.0,0.0,0.0,True,field_sorting_value_normalization,,cat,True,overlapping,44,field_sorting,value_normalization,directory,test_iid,0.25,0.75
True,0.72,0.28,0.72,1.0,1.0,0.0,1.0,1.0,0.0,1.0,0.0,field_sorting__value_normalization__cat__wa0.25_wb0.75,0.0,1.0,0.0,0.0,True,field_sorting_value_normalization,,cat,True,overlapping,44,field_sorting,value_normalization,directory,test_latent,0.25,0.75
True,0.72,0.28,0.72,1.0,1.0,0.0,1.0,1.0,0.0,0.0,0.0,field_sorting__value_normalization__cat__wa0.25_wb0.75,0.0,0.0,0.0,0.0,True,field_sorting_value_normalization,,cat,True,overlapping,44,field_sorting,value_normalization,directory,test_composition_ood,0.25,0.75
True,0.76,0.24,0.76,1.0,1.0,0.0,1.0,1.0,0.0,1.0,0.0,field_sorting__value_normalization__cat__wa0.5_wb0.5,0.0,1.0,0.0,0.0,False,field_sorting_value_normalization,,cat,True,overlapping,42,field_sorting,value_normalization,directory,test_iid,0.5,0.5
True,0.76,0.24,0.76,1.0,1.0,0.0,1.0,1.0,0.0,1.0,0.0,field_sorting__value_normalization__cat__wa0.5_wb0.5,0.0,1.0,0.0,0.0,False,field_sorting_value_normalization,,cat,True,overlapping,42,field_sorting,value_normalization,directory,test_latent,0.5,0.5
True,0.76,0.24,0.76,1.0,1.0,0.0,1.0,1.0,0.0,0.0,0.0,field_sorting__value_normalization__cat__wa0.5_wb0.5,0.0,0.0,0.0,0.0,False,field_sorting_value_normalization,,cat,True,overlapping,42,field_sorting,value_normalization,directory,test_composition_ood,0.5,0.5
True,0.62,0.38,0.62,1.0,1.0,0.0,1.0,1.0,0.0,1.0,0.0,field_sorting__value_normalization__cat__wa0.5_wb0.5,0.0,1.0,0.0,0.0,True,field_sorting_value_normalization,,cat,True,overlapping,43,field_sorting,value_normalization,directory,test_iid,0.5,0.5
True,0.62,0.38,0.62,1.0,1.0,0.0,1.0,1.0,0.0,1.0,0.0,field_sorting__value_normalization__cat__wa0.5_wb0.5,0.0,1.0,0.0,0.0,True,field_sorting_value_normalization,,cat,True,overlapping,43,field_sorting,value_normalization,directory,test_latent,0.5,0.5
True,0.62,0.38,0.62,1.0,1.0,0.0,1.0,1.0,0.0,0.0,0.0,field_sorting__value_normalization__cat__wa0.5_wb0.5,0.0,0.0,0.0,0.0,True,field_sorting_value_normalization,,cat,True,overlapping,43,field_sorting,value_normalization,directory,test_composition_ood,0.5,0.5
True,0.72,0.28,0.72,1.0,1.0,0.0,1.0,1.0,0.0,1.0,0.0,field_sorting__value_normalization__cat__wa0.5_wb0.5,0.0,1.0,0.0,0.0,True,field_sorting_value_normalization,,cat,True,overlapping,44,field_sorting,value_normalization,directory,test_iid,0.5,0.5
True,0.72,0.28,0.72,1.0,1.0,0.0,1.0,1.0,0.0,1.0,0.0,field_sorting__value_normalization__cat__wa0.5_wb0.5,0.0,1.0,0.0,0.0,True,field_sorting_value_normalization,,cat,True,overlapping,44,field_sorting,value_normalization,directory,test_latent,0.5,0.5
True,0.72,0.28,0.72,1.0,1.0,0.0,1.0,1.0,0.0,0.0,0.0,field_sorting__value_normalization__cat__wa0.5_wb0.5,0.0,0.0,0.0,0.0,True,field_sorting_value_normalization,,cat,True,overlapping,44,field_sorting,value_normalization,directory,test_composition_ood,0.5,0.5
True,0.94,0.06000000000000005,0.94,1.0,1.0,0.0,1.0,1.0,0.0,1.0,0.0,field_sorting__value_normalization__cat__wa0.75_wb0.25,0.0,1.0,0.0,0.0,False,field_sorting_value_normalization,,cat,True,overlapping,42,field_sorting,value_normalization,directory,test_iid,0.75,0.25
True,0.94,0.06000000000000005,0.94,1.0,1.0,0.0,1.0,1.0,0.0,1.0,0.0,field_sorting__value_normalization__cat__wa0.75_wb0.25,0.0,1.0,0.0,0.0,False,field_sorting_value_normalization,,cat,True,overlapping,42,field_sorting,value_normalization,directory,test_latent,0.75,0.25
True,0.94,0.06000000000000005,0.94,1.0,1.0,0.0,1.0,1.0,0.0,0.0,0.0,field_sorting__value_normalization__cat__wa0.75_wb0.25,0.0,0.0,0.0,0.0,False,field_sorting_value_normalization,,cat,True,overlapping,42,field_sorting,value_normalization,directory,test_composition_ood,0.75,0.25
True,0.86,0.14,0.86,1.0,0.96,0.040000000000000036,0.96,1.0,0.0,1.0,0.0,field_sorting__value_normalization__cat__wa0.75_wb0.25,0.0,1.0,0.0,0.0,True,field_sorting_value_normalization,,cat,True,overlapping,43,field_sorting,value_normalization,directory,test_iid,0.75,0.25
True,0.86,0.14,0.86,1.0,0.96,0.040000000000000036,0.96,1.0,0.0,1.0,0.0,field_sorting__value_normalization__cat__wa0.75_wb0.25,0.0,1.0,0.0,0.0,True,field_sorting_value_normalization,,cat,True,overlapping,43,field_sorting,value_normalization,directory,test_latent,0.75,0.25
True,0.86,0.14,0.86,1.0,0.96,0.040000000000000036,0.96,1.0,0.0,0.0,0.0,field_sorting__value_normalization__cat__wa0.75_wb0.25,0.0,0.0,0.0,0.0,True,field_sorting_value_normalization,,cat,True,overlapping,43,field_sorting,value_normalization,directory,test_composition_ood,0.75,0.25
True,0.98,0.020000000000000018,0.98,1.0,0.94,0.06000000000000005,0.94,1.0,0.0,1.0,0.0,field_sorting__value_normalization__cat__wa0.75_wb0.25,0.0,1.0,0.0,0.0,True,field_sorting_value_normalization,,cat,True,overlapping,44,field_sorting,value_normalization,directory,test_iid,0.75,0.25
True,0.98,0.020000000000000018,0.98,1.0,0.94,0.06000000000000005,0.94,1.0,0.0,1.0,0.0,field_sorting__value_normalization__cat__wa0.75_wb0.25,0.0,1.0,0.0,0.0,True,field_sorting_value_normalization,,cat,True,overlapping,44,field_sorting,value_normalization,directory,test_latent,0.75,0.25
True,0.98,0.020000000000000018,0.98,1.0,0.94,0.06000000000000005,0.94,1.0,0.0,0.0,0.0,field_sorting__value_normalization__cat__wa0.75_wb0.25,0.0,0.0,0.0,0.0,True,field_sorting_value_normalization,,cat,True,overlapping,44,field_sorting,value_normalization,directory,test_composition_ood,0.75,0.25
True,0.68,0.31999999999999995,0.68,1.0,0.76,0.24,0.76,1.0,0.0,1.0,0.0,field_sorting__value_selection__additive__wa0.25_wb0.75,0.0,1.0,0.0,0.0,False,field_sorting_value_selection,,additive,True,related,42,field_sorting,value_selection,directory,test_iid,0.25,0.75
True,0.68,0.31999999999999995,0.68,1.0,0.76,0.24,0.76,1.0,0.0,1.0,0.0,field_sorting__value_selection__additive__wa0.25_wb0.75,0.0,1.0,0.0,0.0,False,field_sorting_value_selection,,additive,True,related,42,field_sorting,value_selection,directory,test_latent,0.25,0.75
True,0.68,0.31999999999999995,0.68,1.0,0.76,0.24,0.76,1.0,0.0,0.0,0.0,field_sorting__value_selection__additive__wa0.25_wb0.75,0.0,0.0,0.0,0.0,False,field_sorting_value_selection,,additive,True,related,42,field_sorting,value_selection,directory,test_composition_ood,0.25,0.75
True,0.64,0.36,0.64,1.0,0.76,0.24,0.76,1.0,0.0,1.0,0.0,field_sorting__value_selection__additive__wa0.25_wb0.75,0.0,1.0,0.0,0.0,True,field_sorting_value_selection,,additive,True,related,43,field_sorting,value_selection,directory,test_iid,0.25,0.75
True,0.64,0.36,0.64,1.0,0.76,0.24,0.76,1.0,0.0,1.0,0.0,field_sorting__value_selection__additive__wa0.25_wb0.75,0.0,1.0,0.0,0.0,True,field_sorting_value_selection,,additive,True,related,43,field_sorting,value_selection,directory,test_latent,0.25,0.75
True,0.64,0.36,0.64,1.0,0.76,0.24,0.76,1.0,0.0,0.0,0.0,field_sorting__value_selection__additive__wa0.25_wb0.75,0.0,0.0,0.0,0.0,True,field_sorting_value_selection,,additive,True,related,43,field_sorting,value_selection,directory,test_composition_ood,0.25,0.75
True,0.64,0.36,0.64,1.0,0.84,0.16000000000000003,0.84,1.0,0.0,1.0,0.0,field_sorting__value_selection__additive__wa0.25_wb0.75,0.0,1.0,0.0,0.0,True,field_sorting_value_selection,,additive,True,related,44,field_sorting,value_selection,directory,test_iid,0.25,0.75
True,0.64,0.36,0.64,1.0,0.84,0.16000000000000003,0.84,1.0,0.0,1.0,0.0,field_sorting__value_selection__additive__wa0.25_wb0.75,0.0,1.0,0.0,0.0,True,field_sorting_value_selection,,additive,True,related,44,field_sorting,value_selection,directory,test_latent,0.25,0.75
True,0.64,0.36,0.64,1.0,0.84,0.16000000000000003,0.84,1.0,0.0,0.0,0.0,field_sorting__value_selection__additive__wa0.25_wb0.75,0.0,0.0,0.0,0.0,True,field_sorting_value_selection,,additive,True,related,44,field_sorting,value_selection,directory,test_composition_ood,0.25,0.75
True,0.86,0.14,0.86,1.0,0.48,0.52,0.48,1.0,0.0,1.0,0.0,field_sorting__value_selection__additive__wa0.5_wb0.5,0.0,1.0,0.0,0.0,False,field_sorting_value_selection,,additive,True,related,42,field_sorting,value_selection,directory,test_iid,0.5,0.5
True,0.86,0.14,0.86,1.0,0.48,0.52,0.48,1.0,0.0,1.0,0.0,field_sorting__value_selection__additive__wa0.5_wb0.5,0.0,1.0,0.0,0.0,False,field_sorting_value_selection,,additive,True,related,42,field_sorting,value_selection,directory,test_latent,0.5,0.5
True,0.86,0.14,0.86,1.0,0.48,0.52,0.48,1.0,0.0,0.0,0.0,field_sorting__value_selection__additive__wa0.5_wb0.5,0.0,0.0,0.0,0.0,False,field_sorting_value_selection,,additive,True,related,42,field_sorting,value_selection,directory,test_composition_ood,0.5,0.5
True,0.76,0.24,0.76,1.0,0.56,0.43999999999999995,0.56,1.0,0.0,1.0,0.0,field_sorting__value_selection__additive__wa0.5_wb0.5,0.0,1.0,0.0,0.0,True,field_sorting_value_selection,,additive,True,related,43,field_sorting,value_selection,directory,test_iid,0.5,0.5
True,0.76,0.24,0.76,1.0,0.56,0.43999999999999995,0.56,1.0,0.0,1.0,0.0,field_sorting__value_selection__additive__wa0.5_wb0.5,0.0,1.0,0.0,0.0,True,field_sorting_value_selection,,additive,True,related,43,field_sorting,value_selection,directory,test_latent,0.5,0.5
True,0.76,0.24,0.76,1.0,0.56,0.43999999999999995,0.56,1.0,0.0,0.0,0.0,field_sorting__value_selection__additive__wa0.5_wb0.5,0.0,0.0,0.0,0.0,True,field_sorting_value_selection,,additive,True,related,43,field_sorting,value_selection,directory,test_composition_ood,0.5,0.5
True,0.9,0.09999999999999998,0.9,1.0,0.5,0.5,0.5,1.0,0.0,1.0,0.0,field_sorting__value_selection__additive__wa0.5_wb0.5,0.0,1.0,0.0,0.0,True,field_sorting_value_selection,,additive,True,related,44,field_sorting,value_selection,directory,test_iid,0.5,0.5
True,0.9,0.09999999999999998,0.9,1.0,0.5,0.5,0.5,1.0,0.0,1.0,0.0,field_sorting__value_selection__additive__wa0.5_wb0.5,0.0,1.0,0.0,0.0,True,field_sorting_value_selection,,additive,True,related,44,field_sorting,value_selection,directory,test_latent,0.5,0.5
True,0.9,0.09999999999999998,0.9,1.0,0.5,0.5,0.5,1.0,0.0,0.0,0.0,field_sorting__value_selection__additive__wa0.5_wb0.5,0.0,0.0,0.0,0.0,True,field_sorting_value_selection,,additive,True,related,44,field_sorting,value_selection,directory,test_composition_ood,0.5,0.5
True,0.98,0.020000000000000018,0.98,1.0,0.22,0.78,0.22,1.0,0.0,1.0,0.0,field_sorting__value_selection__additive__wa0.75_wb0.25,0.0,1.0,0.0,0.0,False,field_sorting_value_selection,,additive,True,related,42,field_sorting,value_selection,directory,test_iid,0.75,0.25
True,0.98,0.020000000000000018,0.98,1.0,0.22,0.78,0.22,1.0,0.0,1.0,0.0,field_sorting__value_selection__additive__wa0.75_wb0.25,0.0,1.0,0.0,0.0,False,field_sorting_value_selection,,additive,True,related,42,field_sorting,value_selection,directory,test_latent,0.75,0.25
True,0.98,0.020000000000000018,0.98,1.0,0.22,0.78,0.22,1.0,0.0,0.0,0.0,field_sorting__value_selection__additive__wa0.75_wb0.25,0.0,0.0,0.0,0.0,False,field_sorting_value_selection,,additive,True,related,42,field_sorting,value_selection,directory,test_composition_ood,0.75,0.25
True,0.9,0.09999999999999998,0.9,1.0,0.1,0.9,0.1,1.0,0.0,1.0,0.0,field_sorting__value_selection__additive__wa0.75_wb0.25,0.0,1.0,0.0,0.0,True,field_sorting_value_selection,,additive,True,related,43,field_sorting,value_selection,directory,test_iid,0.75,0.25
True,0.9,0.09999999999999998,0.9,1.0,0.1,0.9,0.1,1.0,0.0,1.0,0.0,field_sorting__value_selection__additive__wa0.75_wb0.25,0.0,1.0,0.0,0.0,True,field_sorting_value_selection,,additive,True,related,43,field_sorting,value_selection,directory,test_latent,0.75,0.25
True,0.9,0.09999999999999998,0.9,1.0,0.1,0.9,0.1,1.0,0.0,0.0,0.0,field_sorting__value_selection__additive__wa0.75_wb0.25,0.0,0.0,0.0,0.0,True,field_sorting_value_selection,,additive,True,related,43,field_sorting,value_selection,directory,test_composition_ood,0.75,0.25
True,0.96,0.040000000000000036,0.96,1.0,0.32,0.6799999999999999,0.32,1.0,0.0,1.0,0.0,field_sorting__value_selection__additive__wa0.75_wb0.25,0.0,1.0,0.0,0.0,True,field_sorting_value_selection,,additive,True,related,44,field_sorting,value_selection,directory,test_iid,0.75,0.25
True,0.96,0.040000000000000036,0.96,1.0,0.32,0.6799999999999999,0.32,1.0,0.0,1.0,0.0,field_sorting__value_selection__additive__wa0.75_wb0.25,0.0,1.0,0.0,0.0,True,field_sorting_value_selection,,additive,True,related,44,field_sorting,value_selection,directory,test_latent,0.75,0.25
True,0.96,0.040000000000000036,0.96,1.0,0.32,0.6799999999999999,0.32,1.0,0.0,0.0,0.0,field_sorting__value_selection__additive__wa0.75_wb0.25,0.0,0.0,0.0,0.0,True,field_sorting_value_selection,,additive,True,related,44,field_sorting,value_selection,directory,test_composition_ood,0.75,0.25
True,0.46,0.54,0.46,1.0,0.96,0.040000000000000036,0.96,1.0,0.0,1.0,0.0,field_sorting__value_selection__cat__wa0.25_wb0.75,0.0,1.0,0.0,0.0,False,field_sorting_value_selection,,cat,True,related,42,field_sorting,value_selection,directory,test_iid,0.25,0.75
True,0.46,0.54,0.46,1.0,0.96,0.040000000000000036,0.96,1.0,0.0,1.0,0.0,field_sorting__value_selection__cat__wa0.25_wb0.75,0.0,1.0,0.0,0.0,False,field_sorting_value_selection,,cat,True,related,42,field_sorting,value_selection,directory,test_latent,0.25,0.75
True,0.46,0.54,0.46,1.0,0.96,0.040000000000000036,0.96,1.0,0.0,0.0,0.0,field_sorting__value_selection__cat__wa0.25_wb0.75,0.0,0.0,0.0,0.0,False,field_sorting_value_selection,,cat,True,related,42,field_sorting,value_selection,directory,test_composition_ood,0.25,0.75
True,0.54,0.45999999999999996,0.54,1.0,0.9,0.09999999999999998,0.9,1.0,0.0,1.0,0.0,field_sorting__value_selection__cat__wa0.25_wb0.75,0.0,1.0,0.0,0.0,False,field_sorting_value_selection,,cat,True,related,43,field_sorting,value_selection,directory,test_iid,0.25,0.75
True,0.54,0.45999999999999996,0.54,1.0,0.9,0.09999999999999998,0.9,1.0,0.0,1.0,0.0,field_sorting__value_selection__cat__wa0.25_wb0.75,0.0,1.0,0.0,0.0,False,field_sorting_value_selection,,cat,True,related,43,field_sorting,value_selection,directory,test_latent,0.25,0.75
True,0.54,0.45999999999999996,0.54,1.0,0.9,0.09999999999999998,0.9,1.0,0.0,0.0,0.0,field_sorting__value_selection__cat__wa0.25_wb0.75,0.0,0.0,0.0,0.0,False,field_sorting_value_selection,,cat,True,related,43,field_sorting,value_selection,directory,test_composition_ood,0.25,0.75
True,0.48,0.52,0.48,1.0,0.98,0.020000000000000018,0.98,1.0,0.0,1.0,0.0,field_sorting__value_selection__cat__wa0.25_wb0.75,0.0,1.0,0.0,0.0,True,field_sorting_value_selection,,cat,True,related,44,field_sorting,value_selection,directory,test_iid,0.25,0.75
True,0.48,0.52,0.48,1.0,0.98,0.020000000000000018,0.98,1.0,0.0,1.0,0.0,field_sorting__value_selection__cat__wa0.25_wb0.75,0.0,1.0,0.0,0.0,True,field_sorting_value_selection,,cat,True,related,44,field_sorting,value_selection,directory,test_latent,0.25,0.75
True,0.48,0.52,0.48,1.0,0.98,0.020000000000000018,0.98,1.0,0.0,0.0,0.0,field_sorting__value_selection__cat__wa0.25_wb0.75,0.0,0.0,0.0,0.0,True,field_sorting_value_selection,,cat,True,related,44,field_sorting,value_selection,directory,test_composition_ood,0.25,0.75
True,0.92,0.07999999999999996,0.92,1.0,0.48,0.52,0.48,1.0,0.0,1.0,0.0,field_sorting__value_selection__cat__wa0.5_wb0.5,0.0,1.0,0.0,0.0,False,field_sorting_value_selection,,cat,True,related,42,field_sorting,value_selection,directory,test_iid,0.5,0.5
True,0.92,0.07999999999999996,0.92,1.0,0.48,0.52,0.48,1.0,0.0,1.0,0.0,field_sorting__value_selection__cat__wa0.5_wb0.5,0.0,1.0,0.0,0.0,False,field_sorting_value_selection,,cat,True,related,42,field_sorting,value_selection,directory,test_latent,0.5,0.5
True,0.92,0.07999999999999996,0.92,1.0,0.48,0.52,0.48,1.0,0.0,0.0,0.0,field_sorting__value_selection__cat__wa0.5_wb0.5,0.0,0.0,0.0,0.0,False,field_sorting_value_selection,,cat,True,related,42,field_sorting,value_selection,directory,test_composition_ood,0.5,0.5
True,0.84,0.16000000000000003,0.84,1.0,0.38,0.62,0.38,1.0,0.0,1.0,0.0,field_sorting__value_selection__cat__wa0.5_wb0.5,0.0,1.0,0.0,0.0,False,field_sorting_value_selection,,cat,True,related,43,field_sorting,value_selection,directory,test_iid,0.5,0.5
True,0.84,0.16000000000000003,0.84,1.0,0.38,0.62,0.38,1.0,0.0,1.0,0.0,field_sorting__value_selection__cat__wa0.5_wb0.5,0.0,1.0,0.0,0.0,False,field_sorting_value_selection,,cat,True,related,43,field_sorting,value_selection,directory,test_latent,0.5,0.5
True,0.84,0.16000000000000003,0.84,1.0,0.38,0.62,0.38,1.0,0.0,0.0,0.0,field_sorting__value_selection__cat__wa0.5_wb0.5,0.0,0.0,0.0,0.0,False,field_sorting_value_selection,,cat,True,related,43,field_sorting,value_selection,directory,test_composition_ood,0.5,0.5
True,0.94,0.06000000000000005,0.94,1.0,0.62,0.38,0.62,1.0,0.0,1.0,0.0,field_sorting__value_selection__cat__wa0.5_wb0.5,0.0,1.0,0.0,0.0,True,field_sorting_value_selection,,cat,True,related,44,field_sorting,value_selection,directory,test_iid,0.5,0.5
True,0.94,0.06000000000000005,0.94,1.0,0.62,0.38,0.62,1.0,0.0,1.0,0.0,field_sorting__value_selection__cat__wa0.5_wb0.5,0.0,1.0,0.0,0.0,True,field_sorting_value_selection,,cat,True,related,44,field_sorting,value_selection,directory,test_latent,0.5,0.5
True,0.94,0.06000000000000005,0.94,1.0,0.62,0.38,0.62,1.0,0.0,0.0,0.0,field_sorting__value_selection__cat__wa0.5_wb0.5,0.0,0.0,0.0,0.0,True,field_sorting_value_selection,,cat,True,related,44,field_sorting,value_selection,directory,test_composition_ood,0.5,0.5
True,1.0,0.0,1.0,1.0,0.02,0.98,0.02,1.0,0.0,1.0,0.0,field_sorting__value_selection__cat__wa0.75_wb0.25,0.0,1.0,0.0,0.0,False,field_sorting_value_selection,,cat,True,related,42,field_sorting,value_selection,directory,test_iid,0.75,0.25
True,1.0,0.0,1.0,1.0,0.02,0.98,0.02,1.0,0.0,1.0,0.0,field_sorting__value_selection__cat__wa0.75_wb0.25,0.0,1.0,0.0,0.0,False,field_sorting_value_selection,,cat,True,related,42,field_sorting,value_selection,directory,test_latent,0.75,0.25
True,1.0,0.0,1.0,1.0,0.02,0.98,0.02,1.0,0.0,0.0,0.0,field_sorting__value_selection__cat__wa0.75_wb0.25,0.0,0.0,0.0,0.0,False,field_sorting_value_selection,,cat,True,related,42,field_sorting,value_selection,directory,test_composition_ood,0.75,0.25
True,1.0,0.0,1.0,1.0,0.0,1.0,0.0,1.0,0.0,1.0,0.0,field_sorting__value_selection__cat__wa0.75_wb0.25,0.0,1.0,0.0,0.0,False,field_sorting_value_selection,,cat,True,related,43,field_sorting,value_selection,directory,test_iid,0.75,0.25
True,1.0,0.0,1.0,1.0,0.0,1.0,0.0,1.0,0.0,1.0,0.0,field_sorting__value_selection__cat__wa0.75_wb0.25,0.0,1.0,0.0,0.0,False,field_sorting_value_selection,,cat,True,related,43,field_sorting,value_selection,directory,test_latent,0.75,0.25
True,1.0,0.0,1.0,1.0,0.0,1.0,0.0,1.0,0.0,0.0,0.0,field_sorting__value_selection__cat__wa0.75_wb0.25,0.0,0.0,0.0,0.0,False,field_sorting_value_selection,,cat,True,related,43,field_sorting,value_selection,directory,test_composition_ood,0.75,0.25
True,1.0,0.0,1.0,1.0,0.06,0.94,0.06,1.0,0.0,1.0,0.0,field_sorting__value_selection__cat__wa0.75_wb0.25,0.0,1.0,0.0,0.0,True,field_sorting_value_selection,,cat,True,related,44,field_sorting,value_selection,directory,test_iid,0.75,0.25
True,1.0,0.0,1.0,1.0,0.06,0.94,0.06,1.0,0.0,1.0,0.0,field_sorting__value_selection__cat__wa0.75_wb0.25,0.0,1.0,0.0,0.0,True,field_sorting_value_selection,,cat,True,related,44,field_sorting,value_selection,directory,test_latent,0.75,0.25
True,1.0,0.0,1.0,1.0,0.06,0.94,0.06,1.0,0.0,0.0,0.0,field_sorting__value_selection__cat__wa0.75_wb0.25,0.0,0.0,0.0,0.0,True,field_sorting_value_selection,,cat,True,related,44,field_sorting,value_selection,directory,test_composition_ood,0.75,0.25
True,0.22,0.78,0.22,1.0,0.98,0.020000000000000018,0.98,1.0,0.0,0.98,-0.14,value_selection__field_sorting__additive__wa0.25_wb0.75,0.14,0.98,0.0,0.0,False,value_selection_field_sorting,,additive,True,related,42,value_selection,field_sorting,directory,test_iid,0.25,0.75
True,0.22,0.78,0.22,1.0,0.98,0.020000000000000018,0.98,1.0,0.0,1.0,-0.2,value_selection__field_sorting__additive__wa0.25_wb0.75,0.2,1.0,0.0,0.0,False,value_selection_field_sorting,,additive,True,related,42,value_selection,field_sorting,directory,test_latent,0.25,0.75
True,0.22,0.78,0.22,1.0,0.98,0.020000000000000018,0.98,1.0,0.0,0.58,-0.1,value_selection__field_sorting__additive__wa0.25_wb0.75,0.1,0.58,0.0,0.0,False,value_selection_field_sorting,,additive,True,related,42,value_selection,field_sorting,directory,test_composition_ood,0.25,0.75
True,0.1,0.9,0.1,1.0,0.9,0.09999999999999998,0.9,1.0,0.0,1.0,-0.12,value_selection__field_sorting__additive__wa0.25_wb0.75,0.12,1.0,0.0,0.0,True,value_selection_field_sorting,,additive,True,related,43,value_selection,field_sorting,directory,test_iid,0.25,0.75
True,0.1,0.9,0.1,1.0,0.9,0.09999999999999998,0.9,1.0,0.0,0.82,-0.08,value_selection__field_sorting__additive__wa0.25_wb0.75,0.08,0.82,0.0,0.0,True,value_selection_field_sorting,,additive,True,related,43,value_selection,field_sorting,directory,test_latent,0.25,0.75
True,0.1,0.9,0.1,1.0,0.9,0.09999999999999998,0.9,1.0,0.0,0.34,-0.16,value_selection__field_sorting__additive__wa0.25_wb0.75,0.16,0.34,0.0,0.0,True,value_selection_field_sorting,,additive,True,related,43,value_selection,field_sorting,directory,test_composition_ood,0.25,0.75
True,0.32,0.6799999999999999,0.32,1.0,0.96,0.040000000000000036,0.96,1.0,0.0,0.96,-0.24,value_selection__field_sorting__additive__wa0.25_wb0.75,0.24,0.96,0.0,0.0,True,value_selection_field_sorting,,additive,True,related,44,value_selection,field_sorting,directory,test_iid,0.25,0.75
True,0.32,0.6799999999999999,0.32,1.0,0.96,0.040000000000000036,0.96,1.0,0.0,0.94,-0.16,value_selection__field_sorting__additive__wa0.25_wb0.75,0.16,0.94,0.0,0.0,True,value_selection_field_sorting,,additive,True,related,44,value_selection,field_sorting,directory,test_latent,0.25,0.75
True,0.32,0.6799999999999999,0.32,1.0,0.96,0.040000000000000036,0.96,1.0,0.0,0.44,-0.06,value_selection__field_sorting__additive__wa0.25_wb0.75,0.06,0.44,0.0,0.0,True,value_selection_field_sorting,,additive,True,related,44,value_selection,field_sorting,directory,test_composition_ood,0.25,0.75
True,0.48,0.52,0.48,1.0,0.86,0.14,0.86,1.0,0.0,0.98,-0.14,value_selection__field_sorting__additive__wa0.5_wb0.5,0.14,0.98,0.0,0.0,False,value_selection_field_sorting,,additive,True,related,42,value_selection,field_sorting,directory,test_iid,0.5,0.5
True,0.48,0.52,0.48,1.0,0.86,0.14,0.86,1.0,0.0,1.0,-0.2,value_selection__field_sorting__additive__wa0.5_wb0.5,0.2,1.0,0.0,0.0,False,value_selection_field_sorting,,additive,True,related,42,value_selection,field_sorting,directory,test_latent,0.5,0.5
True,0.48,0.52,0.48,1.0,0.86,0.14,0.86,1.0,0.0,0.58,-0.1,value_selection__field_sorting__additive__wa0.5_wb0.5,0.1,0.58,0.0,0.0,False,value_selection_field_sorting,,additive,True,related,42,value_selection,field_sorting,directory,test_composition_ood,0.5,0.5
True,0.56,0.43999999999999995,0.56,1.0,0.76,0.24,0.76,1.0,0.0,1.0,-0.12,value_selection__field_sorting__additive__wa0.5_wb0.5,0.12,1.0,0.0,0.0,True,value_selection_field_sorting,,additive,True,related,43,value_selection,field_sorting,directory,test_iid,0.5,0.5
True,0.56,0.43999999999999995,0.56,1.0,0.76,0.24,0.76,1.0,0.0,0.82,-0.08,value_selection__field_sorting__additive__wa0.5_wb0.5,0.08,0.82,0.0,0.0,True,value_selection_field_sorting,,additive,True,related,43,value_selection,field_sorting,directory,test_latent,0.5,0.5
True,0.56,0.43999999999999995,0.56,1.0,0.76,0.24,0.76,1.0,0.0,0.34,-0.16,value_selection__field_sorting__additive__wa0.5_wb0.5,0.16,0.34,0.0,0.0,True,value_selection_field_sorting,,additive,True,related,43,value_selection,field_sorting,directory,test_composition_ood,0.5,0.5
True,0.5,0.5,0.5,1.0,0.9,0.09999999999999998,0.9,1.0,0.0,0.8999999999999999,-0.18,value_selection__field_sorting__additive__wa0.5_wb0.5,0.24,0.96,0.06,0.06,True,value_selection_field_sorting,,additive,True,related,44,value_selection,field_sorting,directory,test_iid,0.5,0.5
True,0.5,0.5,0.5,1.0,0.9,0.09999999999999998,0.9,1.0,0.0,0.94,-0.16,value_selection__field_sorting__additive__wa0.5_wb0.5,0.16,0.94,0.0,0.0,True,value_selection_field_sorting,,additive,True,related,44,value_selection,field_sorting,directory,test_latent,0.5,0.5
True,0.5,0.5,0.5,1.0,0.9,0.09999999999999998,0.9,1.0,0.0,0.44,-0.06,value_selection__field_sorting__additive__wa0.5_wb0.5,0.06,0.44,0.0,0.0,True,value_selection_field_sorting,,additive,True,related,44,value_selection,field_sorting,directory,test_composition_ood,0.5,0.5
True,0.76,0.24,0.76,1.0,0.68,0.31999999999999995,0.68,1.0,0.0,0.78,0.06,value_selection__field_sorting__additive__wa0.75_wb0.25,0.14,0.98,0.2,0.2,False,value_selection_field_sorting,,additive,True,related,42,value_selection,field_sorting,directory,test_iid,0.75,0.25
True,0.76,0.24,0.76,1.0,0.68,0.31999999999999995,0.68,1.0,0.0,1.0,-0.2,value_selection__field_sorting__additive__wa0.75_wb0.25,0.2,1.0,0.0,0.0,False,value_selection_field_sorting,,additive,True,related,42,value_selection,field_sorting,directory,test_latent,0.75,0.25
True,0.76,0.24,0.76,1.0,0.68,0.31999999999999995,0.68,1.0,0.0,0.52,-0.04000000000000001,value_selection__field_sorting__additive__wa0.75_wb0.25,0.1,0.58,0.06,0.06,False,value_selection_field_sorting,,additive,True,related,42,value_selection,field_sorting,directory,test_composition_ood,0.75,0.25
True,0.76,0.24,0.76,1.0,0.64,0.36,0.64,1.0,0.0,0.9,-0.01999999999999999,value_selection__field_sorting__additive__wa0.75_wb0.25,0.12,1.0,0.1,0.1,True,value_selection_field_sorting,,additive,True,related,43,value_selection,field_sorting,directory,test_iid,0.75,0.25
True,0.76,0.24,0.76,1.0,0.64,0.36,0.64,1.0,0.0,0.82,-0.08,value_selection__field_sorting__additive__wa0.75_wb0.25,0.08,0.82,0.0,0.0,True,value_selection_field_sorting,,additive,True,related,43,value_selection,field_sorting,directory,test_latent,0.75,0.25
True,0.76,0.24,0.76,1.0,0.64,0.36,0.64,1.0,0.0,0.34,-0.16,value_selection__field_sorting__additive__wa0.75_wb0.25,0.16,0.34,0.0,0.0,True,value_selection_field_sorting,,additive,True,related,43,value_selection,field_sorting,directory,test_composition_ood,0.75,0.25
True,0.84,0.16000000000000003,0.84,1.0,0.64,0.36,0.64,1.0,0.0,0.72,0.0,value_selection__field_sorting__additive__wa0.75_wb0.25,0.24,0.96,0.24,0.24,True,value_selection_field_sorting,,additive,True,related,44,value_selection,field_sorting,directory,test_iid,0.75,0.25
True,0.84,0.16000000000000003,0.84,1.0,0.64,0.36,0.64,1.0,0.0,0.94,-0.16,value_selection__field_sorting__additive__wa0.75_wb0.25,0.16,0.94,0.0,0.0,True,value_selection_field_sorting,,additive,True,related,44,value_selection,field_sorting,directory,test_latent,0.75,0.25
True,0.84,0.16000000000000003,0.84,1.0,0.64,0.36,0.64,1.0,0.0,0.33999999999999997,0.04000000000000001,value_selection__field_sorting__additive__wa0.75_wb0.25,0.06,0.44,0.1,0.1,True,value_selection_field_sorting,,additive,True,related,44,value_selection,field_sorting,directory,test_composition_ood,0.75,0.25
True,0.02,0.98,0.02,1.0,1.0,0.0,1.0,1.0,0.0,0.98,-0.14,value_selection__field_sorting__cat__wa0.25_wb0.75,0.14,0.98,0.0,0.0,False,value_selection_field_sorting,,cat,True,related,42,value_selection,field_sorting,directory,test_iid,0.25,0.75
True,0.02,0.98,0.02,1.0,1.0,0.0,1.0,1.0,0.0,1.0,-0.2,value_selection__field_sorting__cat__wa0.25_wb0.75,0.2,1.0,0.0,0.0,False,value_selection_field_sorting,,cat,True,related,42,value_selection,field_sorting,directory,test_latent,0.25,0.75
True,0.02,0.98,0.02,1.0,1.0,0.0,1.0,1.0,0.0,0.58,-0.1,value_selection__field_sorting__cat__wa0.25_wb0.75,0.1,0.58,0.0,0.0,False,value_selection_field_sorting,,cat,True,related,42,value_selection,field_sorting,directory,test_composition_ood,0.25,0.75
True,0.0,1.0,0.0,1.0,1.0,0.0,1.0,1.0,0.0,1.0,-0.12,value_selection__field_sorting__cat__wa0.25_wb0.75,0.12,1.0,0.0,0.0,True,value_selection_field_sorting,,cat,True,related,43,value_selection,field_sorting,directory,test_iid,0.25,0.75
True,0.0,1.0,0.0,1.0,1.0,0.0,1.0,1.0,0.0,0.82,-0.08,value_selection__field_sorting__cat__wa0.25_wb0.75,0.08,0.82,0.0,0.0,True,value_selection_field_sorting,,cat,True,related,43,value_selection,field_sorting,directory,test_latent,0.25,0.75
True,0.0,1.0,0.0,1.0,1.0,0.0,1.0,1.0,0.0,0.34,-0.16,value_selection__field_sorting__cat__wa0.25_wb0.75,0.16,0.34,0.0,0.0,True,value_selection_field_sorting,,cat,True,related,43,value_selection,field_sorting,directory,test_composition_ood,0.25,0.75
True,0.06,0.94,0.06,1.0,1.0,0.0,1.0,1.0,0.0,0.96,-0.24,value_selection__field_sorting__cat__wa0.25_wb0.75,0.24,0.96,0.0,0.0,True,value_selection_field_sorting,,cat,True,related,44,value_selection,field_sorting,directory,test_iid,0.25,0.75
True,0.06,0.94,0.06,1.0,1.0,0.0,1.0,1.0,0.0,0.94,-0.16,value_selection__field_sorting__cat__wa0.25_wb0.75,0.16,0.94,0.0,0.0,True,value_selection_field_sorting,,cat,True,related,44,value_selection,field_sorting,directory,test_latent,0.25,0.75
True,0.06,0.94,0.06,1.0,1.0,0.0,1.0,1.0,0.0,0.44,-0.06,value_selection__field_sorting__cat__wa0.25_wb0.75,0.06,0.44,0.0,0.0,True,value_selection_field_sorting,,cat,True,related,44,value_selection,field_sorting,directory,test_composition_ood,0.25,0.75
True,0.48,0.52,0.48,1.0,0.92,0.07999999999999996,0.92,1.0,0.0,0.98,-0.14,value_selection__field_sorting__cat__wa0.5_wb0.5,0.14,0.98,0.0,0.0,False,value_selection_field_sorting,,cat,True,related,42,value_selection,field_sorting,directory,test_iid,0.5,0.5
True,0.48,0.52,0.48,1.0,0.92,0.07999999999999996,0.92,1.0,0.0,1.0,-0.2,value_selection__field_sorting__cat__wa0.5_wb0.5,0.2,1.0,0.0,0.0,False,value_selection_field_sorting,,cat,True,related,42,value_selection,field_sorting,directory,test_latent,0.5,0.5
True,0.48,0.52,0.48,1.0,0.92,0.07999999999999996,0.92,1.0,0.0,0.58,-0.1,value_selection__field_sorting__cat__wa0.5_wb0.5,0.1,0.58,0.0,0.0,False,value_selection_field_sorting,,cat,True,related,42,value_selection,field_sorting,directory,test_composition_ood,0.5,0.5
True,0.38,0.62,0.38,1.0,0.84,0.16000000000000003,0.84,1.0,0.0,1.0,-0.12,value_selection__field_sorting__cat__wa0.5_wb0.5,0.12,1.0,0.0,0.0,True,value_selection_field_sorting,,cat,True,related,43,value_selection,field_sorting,directory,test_iid,0.5,0.5
True,0.38,0.62,0.38,1.0,0.84,0.16000000000000003,0.84,1.0,0.0,0.82,-0.08,value_selection__field_sorting__cat__wa0.5_wb0.5,0.08,0.82,0.0,0.0,True,value_selection_field_sorting,,cat,True,related,43,value_selection,field_sorting,directory,test_latent,0.5,0.5
True,0.38,0.62,0.38,1.0,0.84,0.16000000000000003,0.84,1.0,0.0,0.34,-0.16,value_selection__field_sorting__cat__wa0.5_wb0.5,0.16,0.34,0.0,0.0,True,value_selection_field_sorting,,cat,True,related,43,value_selection,field_sorting,directory,test_composition_ood,0.5,0.5
True,0.62,0.38,0.62,1.0,0.94,0.06000000000000005,0.94,1.0,0.0,0.94,-0.22,value_selection__field_sorting__cat__wa0.5_wb0.5,0.24,0.96,0.02,0.02,True,value_selection_field_sorting,,cat,True,related,44,value_selection,field_sorting,directory,test_iid,0.5,0.5
True,0.62,0.38,0.62,1.0,0.94,0.06000000000000005,0.94,1.0,0.0,0.94,-0.16,value_selection__field_sorting__cat__wa0.5_wb0.5,0.16,0.94,0.0,0.0,True,value_selection_field_sorting,,cat,True,related,44,value_selection,field_sorting,directory,test_latent,0.5,0.5
True,0.62,0.38,0.62,1.0,0.94,0.06000000000000005,0.94,1.0,0.0,0.44,-0.06,value_selection__field_sorting__cat__wa0.5_wb0.5,0.06,0.44,0.0,0.0,True,value_selection_field_sorting,,cat,True,related,44,value_selection,field_sorting,directory,test_composition_ood,0.5,0.5
True,0.96,0.040000000000000036,0.96,1.0,0.46,0.54,0.46,1.0,0.0,0.98,-0.14,value_selection__field_sorting__cat__wa0.75_wb0.25,0.14,0.98,0.0,0.0,False,value_selection_field_sorting,,cat,True,related,42,value_selection,field_sorting,directory,test_iid,0.75,0.25
True,0.96,0.040000000000000036,0.96,1.0,0.46,0.54,0.46,1.0,0.0,0.9,-0.1,value_selection__field_sorting__cat__wa0.75_wb0.25,0.2,1.0,0.1,0.1,False,value_selection_field_sorting,,cat,True,related,42,value_selection,field_sorting,directory,test_latent,0.75,0.25
True,0.96,0.040000000000000036,0.96,1.0,0.46,0.54,0.46,1.0,0.0,0.58,-0.1,value_selection__field_sorting__cat__wa0.75_wb0.25,0.1,0.58,0.0,0.0,False,value_selection_field_sorting,,cat,True,related,42,value_selection,field_sorting,directory,test_composition_ood,0.75,0.25
True,0.9,0.09999999999999998,0.9,1.0,0.56,0.43999999999999995,0.56,1.0,0.0,1.0,-0.12,value_selection__field_sorting__cat__wa0.75_wb0.25,0.12,1.0,0.0,0.0,True,value_selection_field_sorting,,cat,True,related,43,value_selection,field_sorting,directory,test_iid,0.75,0.25
True,0.9,0.09999999999999998,0.9,1.0,0.56,0.43999999999999995,0.56,1.0,0.0,0.82,-0.08,value_selection__field_sorting__cat__wa0.75_wb0.25,0.08,0.82,0.0,0.0,True,value_selection_field_sorting,,cat,True,related,43,value_selection,field_sorting,directory,test_latent,0.75,0.25
True,0.9,0.09999999999999998,0.9,1.0,0.56,0.43999999999999995,0.56,1.0,0.0,0.34,-0.16,value_selection__field_sorting__cat__wa0.75_wb0.25,0.16,0.34,0.0,0.0,True,value_selection_field_sorting,,cat,True,related,43,value_selection,field_sorting,directory,test_composition_ood,0.75,0.25
True,0.98,0.020000000000000018,0.98,1.0,0.52,0.48,0.52,1.0,0.0,0.84,-0.12,value_selection__field_sorting__cat__wa0.75_wb0.25,0.24,0.96,0.12,0.12,True,value_selection_field_sorting,,cat,True,related,44,value_selection,field_sorting,directory,test_iid,0.75,0.25
True,0.98,0.020000000000000018,0.98,1.0,0.52,0.48,0.52,1.0,0.0,0.8799999999999999,-0.1,value_selection__field_sorting__cat__wa0.75_wb0.25,0.16,0.94,0.06,0.06,True,value_selection_field_sorting,,cat,True,related,44,value_selection,field_sorting,directory,test_latent,0.75,0.25
True,0.98,0.020000000000000018,0.98,1.0,0.52,0.48,0.52,1.0,0.0,0.44,-0.06,value_selection__field_sorting__cat__wa0.75_wb0.25,0.06,0.44,0.0,0.0,True,value_selection_field_sorting,,cat,True,related,44,value_selection,field_sorting,directory,test_composition_ood,0.75,0.25
