atomic_a_interference_mean,atomic_a_retention_mean,atomic_b_interference_mean,atomic_b_retention_mean,attention_module_cosine,attention_module_sign_agreement,dedicated_accuracy_mean,dynamic_accuracy_mean,embedding_module_cosine,embedding_module_sign_agreement,experiment,method,mlp_module_cosine,mlp_module_sign_agreement,n_results,other_module_cosine,other_module_sign_agreement
0.11555555555555556,0.8844444444444445,0.30444444444444446,0.6955555555555555,0.15999903427230797,0.5498842555108795,1.0,0.0022222222222222222,,,field_renaming_key_value_swap,additive,,,9,,
0.0911111111111111,0.9088888888888889,0.14222222222222222,0.8577777777777778,0.15999903427230797,0.5498842555108795,1.0,0.0,,,field_renaming_key_value_swap,cat,,,9,,
0.2822222222222222,0.7177777777777777,0.08666666666666668,0.9133333333333334,0.2254704070316317,0.5745989697860752,1.0,0.0,,,field_sorting_duplicate_removal,additive,,,9,,
0.20222222222222222,0.7977777777777777,0.31333333333333335,0.6866666666666666,0.2254704070316317,0.5745989697860752,1.0,0.0,,,field_sorting_duplicate_removal,cat,,,9,,
0.3022222222222222,0.6977777777777778,0.017777777777777795,0.9822222222222222,0.39067527186125517,0.6310955618514495,1.0,0.0,,,field_sorting_value_normalization,additive,,,9,,
0.22444444444444445,0.7755555555555556,0.01111111111111112,0.9888888888888889,0.39067527186125517,0.6310955618514495,1.0,0.0,,,field_sorting_value_normalization,cat,,,9,,
0.18666666666666665,0.8133333333333334,0.4955555555555555,0.5044444444444445,0.15614140396105036,0.5513617846430565,1.0,0.0,,,field_sorting_value_selection,additive,,,9,,
0.20222222222222222,0.7977777777777777,0.5111111111111111,0.48888888888888893,0.15614140396105036,0.5513617846430565,1.0,0.0,,,field_sorting_value_selection,cat,,,9,,
0.4955555555555555,0.5044444444444445,0.18666666666666665,0.8133333333333334,0.15614140396105036,0.5513617846430565,0.98,0.06666666666666667,,,value_selection_field_sorting,additive,,,9,,
0.5111111111111111,0.48888888888888893,0.19555555555555557,0.8044444444444445,0.15614140396105036,0.5513617846430565,0.98,0.015555555555555553,,,value_selection_field_sorting,cat,,,9,,
