atomic_a_iid_max,atomic_a_iid_mean,atomic_a_iid_min,atomic_a_interference_max,atomic_a_interference_mean,atomic_a_interference_min,atomic_a_retention_max,atomic_a_retention_mean,atomic_a_retention_min,atomic_a_standalone_iid_max,atomic_a_standalone_iid_mean,atomic_a_standalone_iid_min,atomic_b_iid_max,atomic_b_iid_mean,atomic_b_iid_min,atomic_b_interference_max,atomic_b_interference_mean,atomic_b_interference_min,atomic_b_retention_max,atomic_b_retention_mean,atomic_b_retention_min,atomic_b_standalone_iid_max,atomic_b_standalone_iid_mean,atomic_b_standalone_iid_min,composition_deficit_max,composition_deficit_mean,composition_deficit_min,composition_gain_max,composition_gain_mean,composition_gain_min,dedicated_accuracy_max,dedicated_accuracy_mean,dedicated_accuracy_min,dynamic_accuracy_max,dynamic_accuracy_mean,dynamic_accuracy_min,dynamic_semantic_accuracy_max,dynamic_semantic_accuracy_mean,dynamic_semantic_accuracy_min,experiment,joint_accuracy_max,joint_accuracy_mean,joint_accuracy_min,method,n,skill_a,skill_b,split
1.0,0.8844444444444445,0.46,0.54,0.11555555555555556,0.0,1.0,0.8844444444444445,0.46,1.0,1.0,1.0,1.0,0.6955555555555555,0.3,0.7,0.30444444444444446,0.0,1.0,0.6955555555555555,0.3,1.0,1.0,1.0,1.0,0.9977777777777779,0.98,0.02,0.0022222222222222222,0.0,1.0,1.0,1.0,0.02,0.0022222222222222222,0.0,0.02,0.0022222222222222222,0.0,field_renaming_key_value_swap,,,,additive,9,field_renaming,key_value_swap,test_iid
1.0,0.8844444444444445,0.46,0.54,0.11555555555555556,0.0,1.0,0.8844444444444445,0.46,1.0,1.0,1.0,1.0,0.6955555555555555,0.3,0.7,0.30444444444444446,0.0,1.0,0.6955555555555555,0.3,1.0,1.0,1.0,1.0,1.0,1.0,0.0,0.0,0.0,1.0,1.0,1.0,0.0,0.0,0.0,0.0,0.0,0.0,field_renaming_key_value_swap,,,,additive,9,field_renaming,key_value_swap,test_latent
1.0,0.8844444444444445,0.46,0.54,0.11555555555555556,0.0,1.0,0.8844444444444445,0.46,1.0,1.0,1.0,1.0,0.6955555555555555,0.3,0.7,0.30444444444444446,0.0,1.0,0.6955555555555555,0.3,1.0,1.0,1.0,0.98,0.9066666666666667,0.86,0.0,0.0,0.0,0.98,0.9066666666666667,0.86,0.0,0.0,0.0,0.0,0.0,0.0,field_renaming_key_value_swap,,,,additive,9,field_renaming,key_value_swap,test_composition_ood
1.0,0.9088888888888889,0.64,0.36,0.0911111111111111,0.0,1.0,0.9088888888888889,0.64,1.0,1.0,1.0,1.0,0.8577777777777778,0.54,0.45999999999999996,0.14222222222222222,0.0,1.0,0.8577777777777778,0.54,1.0,1.0,1.0,1.0,1.0,1.0,0.0,0.0,0.0,1.0,1.0,1.0,0.0,0.0,0.0,0.0,0.0,0.0,field_renaming_key_value_swap,,,,cat,9,field_renaming,key_value_swap,test_iid
1.0,0.9088888888888889,0.64,0.36,0.0911111111111111,0.0,1.0,0.9088888888888889,0.64,1.0,1.0,1.0,1.0,0.8577777777777778,0.54,0.45999999999999996,0.14222222222222222,0.0,1.0,0.8577777777777778,0.54,1.0,1.0,1.0,1.0,1.0,1.0,0.0,0.0,0.0,1.0,1.0,1.0,0.0,0.0,0.0,0.0,0.0,0.0,field_renaming_key_value_swap,,,,cat,9,field_renaming,key_value_swap,test_latent
1.0,0.9088888888888889,0.64,0.36,0.0911111111111111,0.0,1.0,0.9088888888888889,0.64,1.0,1.0,1.0,1.0,0.8577777777777778,0.54,0.45999999999999996,0.14222222222222222,0.0,1.0,0.8577777777777778,0.54,1.0,1.0,1.0,0.98,0.9066666666666667,0.86,0.0,0.0,0.0,0.98,0.9066666666666667,0.86,0.0,0.0,0.0,0.0,0.0,0.0,field_renaming_key_value_swap,,,,cat,9,field_renaming,key_value_swap,test_composition_ood
0.92,0.7177777777777777,0.62,0.38,0.2822222222222222,0.07999999999999996,0.92,0.7177777777777777,0.62,1.0,1.0,1.0,1.0,0.9133333333333334,0.66,0.33999999999999997,0.08666666666666668,0.0,1.0,0.9133333333333334,0.66,1.0,1.0,1.0,1.0,1.0,1.0,0.0,0.0,0.0,1.0,1.0,1.0,0.0,0.0,0.0,0.0,0.0,0.0,field_sorting_duplicate_removal,,,,additive,9,field_sorting,duplicate_removal,test_iid
0.92,0.7177777777777777,0.62,0.38,0.2822222222222222,0.07999999999999996,0.92,0.7177777777777777,0.62,1.0,1.0,1.0,1.0,0.9133333333333334,0.66,0.33999999999999997,0.08666666666666668,0.0,1.0,0.9133333333333334,0.66,1.0,1.0,1.0,1.0,0.9600000000000001,0.88,0.0,0.0,0.0,1.0,0.9600000000000001,0.88,0.0,0.0,0.0,0.0,0.0,0.0,field_sorting_duplicate_removal,,,,additive,9,field_sorting,duplicate_removal,test_latent
0.92,0.7177777777777777,0.62,0.38,0.2822222222222222,0.07999999999999996,0.92,0.7177777777777777,0.62,1.0,1.0,1.0,1.0,0.9133333333333334,0.66,0.33999999999999997,0.08666666666666668,0.0,1.0,0.9133333333333334,0.66,1.0,1.0,1.0,1.0,0.4466666666666667,0.0,0.0,0.0,0.0,1.0,0.4466666666666667,0.0,0.0,0.0,0.0,0.0,0.0,0.0,field_sorting_duplicate_removal,,,,additive,9,field_sorting,duplicate_removal,test_composition_ood
1.0,0.7977777777777777,0.62,0.38,0.20222222222222222,0.0,1.0,0.7977777777777777,0.62,1.0,1.0,1.0,1.0,0.6866666666666666,0.22,0.78,0.31333333333333335,0.0,1.0,0.6866666666666666,0.22,1.0,1.0,1.0,1.0,1.0,1.0,0.0,0.0,0.0,1.0,1.0,1.0,0.0,0.0,0.0,0.0,0.0,0.0,field_sorting_duplicate_removal,,,,cat,9,field_sorting,duplicate_removal,test_iid
1.0,0.7977777777777777,0.62,0.38,0.20222222222222222,0.0,1.0,0.7977777777777777,0.62,1.0,1.0,1.0,1.0,0.6866666666666666,0.22,0.78,0.31333333333333335,0.0,1.0,0.6866666666666666,0.22,1.0,1.0,1.0,1.0,0.9600000000000001,0.88,0.0,0.0,0.0,1.0,0.9600000000000001,0.88,0.0,0.0,0.0,0.0,0.0,0.0,field_sorting_duplicate_removal,,,,cat,9,field_sorting,duplicate_removal,test_latent
1.0,0.7977777777777777,0.62,0.38,0.20222222222222222,0.0,1.0,0.7977777777777777,0.62,1.0,1.0,1.0,1.0,0.6866666666666666,0.22,0.78,0.31333333333333335,0.0,1.0,0.6866666666666666,0.22,1.0,1.0,1.0,1.0,0.4466666666666667,0.0,0.0,0.0,0.0,1.0,0.4466666666666667,0.0,0.0,0.0,0.0,0.0,0.0,0.0,field_sorting_duplicate_removal,,,,cat,9,field_sorting,duplicate_removal,test_composition_ood
0.76,0.6977777777777778,0.62,0.38,0.3022222222222222,0.24,0.76,0.6977777777777778,0.62,1.0,1.0,1.0,1.0,0.9822222222222222,0.94,0.06000000000000005,0.017777777777777795,0.0,1.0,0.9822222222222222,0.94,1.0,1.0,1.0,1.0,1.0,1.0,0.0,0.0,0.0,1.0,1.0,1.0,0.0,0.0,0.0,0.0,0.0,0.0,field_sorting_value_normalization,,,,additive,9,field_sorting,value_normalization,test_iid
0.76,0.6977777777777778,0.62,0.38,0.3022222222222222,0.24,0.76,0.6977777777777778,0.62,1.0,1.0,1.0,1.0,0.9822222222222222,0.94,0.06000000000000005,0.017777777777777795,0.0,1.0,0.9822222222222222,0.94,1.0,1.0,1.0,1.0,1.0,1.0,0.0,0.0,0.0,1.0,1.0,1.0,0.0,0.0,0.0,0.0,0.0,0.0,field_sorting_value_normalization,,,,additive,9,field_sorting,value_normalization,test_latent
0.76,0.6977777777777778,0.62,0.38,0.3022222222222222,0.24,0.76,0.6977777777777778,0.62,1.0,1.0,1.0,1.0,0.9822222222222222,0.94,0.06000000000000005,0.017777777777777795,0.0,1.0,0.9822222222222222,0.94,1.0,1.0,1.0,0.0,0.0,0.0,0.0,0.0,0.0,0.0,0.0,0.0,0.0,0.0,0.0,0.0,0.0,0.0,field_sorting_value_normalization,,,,additive,9,field_sorting,value_normalization,test_composition_ood
0.98,0.7755555555555556,0.62,0.38,0.22444444444444445,0.020000000000000018,0.98,0.7755555555555556,0.62,1.0,1.0,1.0,1.0,0.9888888888888889,0.94,0.06000000000000005,0.01111111111111112,0.0,1.0,0.9888888888888889,0.94,1.0,1.0,1.0,1.0,1.0,1.0,0.0,0.0,0.0,1.0,1.0,1.0,0.0,0.0,0.0,0.0,0.0,0.0,field_sorting_value_normalization,,,,cat,9,field_sorting,value_normalization,test_iid
0.98,0.7755555555555556,0.62,0.38,0.22444444444444445,0.020000000000000018,0.98,0.7755555555555556,0.62,1.0,1.0,1.0,1.0,0.9888888888888889,0.94,0.06000000000000005,0.01111111111111112,0.0,1.0,0.9888888888888889,0.94,1.0,1.0,1.0,1.0,1.0,1.0,0.0,0.0,0.0,1.0,1.0,1.0,0.0,0.0,0.0,0.0,0.0,0.0,field_sorting_value_normalization,,,,cat,9,field_sorting,value_normalization,test_latent
0.98,0.7755555555555556,0.62,0.38,0.22444444444444445,0.020000000000000018,0.98,0.7755555555555556,0.62,1.0,1.0,1.0,1.0,0.9888888888888889,0.94,0.06000000000000005,0.01111111111111112,0.0,1.0,0.9888888888888889,0.94,1.0,1.0,1.0,0.0,0.0,0.0,0.0,0.0,0.0,0.0,0.0,0.0,0.0,0.0,0.0,0.0,0.0,0.0,field_sorting_value_normalization,,,,cat,9,field_sorting,value_normalization,test_composition_ood
0.98,0.8133333333333334,0.64,0.36,0.18666666666666665,0.020000000000000018,0.98,0.8133333333333334,0.64,1.0,1.0,1.0,0.84,0.5044444444444445,0.1,0.9,0.4955555555555555,0.16000000000000003,0.84,0.5044444444444445,0.1,1.0,1.0,1.0,1.0,1.0,1.0,0.0,0.0,0.0,1.0,1.0,1.0,0.0,0.0,0.0,0.0,0.0,0.0,field_sorting_value_selection,,,,additive,9,field_sorting,value_selection,test_iid
0.98,0.8133333333333334,0.64,0.36,0.18666666666666665,0.020000000000000018,0.98,0.8133333333333334,0.64,1.0,1.0,1.0,0.84,0.5044444444444445,0.1,0.9,0.4955555555555555,0.16000000000000003,0.84,0.5044444444444445,0.1,1.0,1.0,1.0,1.0,1.0,1.0,0.0,0.0,0.0,1.0,1.0,1.0,0.0,0.0,0.0,0.0,0.0,0.0,field_sorting_value_selection,,,,additive,9,field_sorting,value_selection,test_latent
0.98,0.8133333333333334,0.64,0.36,0.18666666666666665,0.020000000000000018,0.98,0.8133333333333334,0.64,1.0,1.0,1.0,0.84,0.5044444444444445,0.1,0.9,0.4955555555555555,0.16000000000000003,0.84,0.5044444444444445,0.1,1.0,1.0,1.0,0.0,0.0,0.0,0.0,0.0,0.0,0.0,0.0,0.0,0.0,0.0,0.0,0.0,0.0,0.0,field_sorting_value_selection,,,,additive,9,field_sorting,value_selection,test_composition_ood
1.0,0.7977777777777777,0.46,0.54,0.20222222222222222,0.0,1.0,0.7977777777777777,0.46,1.0,1.0,1.0,0.98,0.48888888888888893,0.0,1.0,0.5111111111111111,0.020000000000000018,0.98,0.48888888888888893,0.0,1.0,1.0,1.0,1.0,1.0,1.0,0.0,0.0,0.0,1.0,1.0,1.0,0.0,0.0,0.0,0.0,0.0,0.0,field_sorting_value_selection,,,,cat,9,field_sorting,value_selection,test_iid
1.0,0.7977777777777777,0.46,0.54,0.20222222222222222,0.0,1.0,0.7977777777777777,0.46,1.0,1.0,1.0,0.98,0.48888888888888893,0.0,1.0,0.5111111111111111,0.020000000000000018,0.98,0.48888888888888893,0.0,1.0,1.0,1.0,1.0,1.0,1.0,0.0,0.0,0.0,1.0,1.0,1.0,0.0,0.0,0.0,0.0,0.0,0.0,field_sorting_value_selection,,,,cat,9,field_sorting,value_selection,test_latent
1.0,0.7977777777777777,0.46,0.54,0.20222222222222222,0.0,1.0,0.7977777777777777,0.46,1.0,1.0,1.0,0.98,0.48888888888888893,0.0,1.0,0.5111111111111111,0.020000000000000018,0.98,0.48888888888888893,0.0,1.0,1.0,1.0,0.0,0.0,0.0,0.0,0.0,0.0,0.0,0.0,0.0,0.0,0.0,0.0,0.0,0.0,0.0,field_sorting_value_selection,,,,cat,9,field_sorting,value_selection,test_composition_ood
0.84,0.5044444444444445,0.1,0.9,0.4955555555555555,0.16000000000000003,0.84,0.5044444444444445,0.1,1.0,1.0,1.0,0.98,0.8133333333333334,0.64,0.36,0.18666666666666665,0.020000000000000018,0.98,0.8133333333333334,0.64,1.0,1.0,1.0,1.0,0.9133333333333334,0.72,0.06,-0.1,-0.24,1.0,0.98,0.96,0.24,0.06666666666666667,0.0,0.24,0.06666666666666667,0.0,value_selection_field_sorting,,,,additive,9,value_selection,field_sorting,test_iid
0.84,0.5044444444444445,0.1,0.9,0.4955555555555555,0.16000000000000003,0.84,0.5044444444444445,0.1,1.0,1.0,1.0,0.98,0.8133333333333334,0.64,0.36,0.18666666666666665,0.020000000000000018,0.98,0.8133333333333334,0.64,1.0,1.0,1.0,1.0,0.9199999999999999,0.82,-0.08,-0.14666666666666667,-0.2,1.0,0.9199999999999999,0.82,0.0,0.0,0.0,0.0,0.0,0.0,value_selection_field_sorting,,,,additive,9,value_selection,field_sorting,test_latent
0.84,0.5044444444444445,0.1,0.9,0.4955555555555555,0.16000000000000003,0.84,0.5044444444444445,0.1,1.0,1.0,1.0,0.98,0.8133333333333334,0.64,0.36,0.18666666666666665,0.020000000000000018,0.98,0.8133333333333334,0.64,1.0,1.0,1.0,0.58,0.43555555555555553,0.33999999999999997,0.04000000000000001,-0.08888888888888889,-0.16,0.58,0.45333333333333337,0.34,0.1,0.017777777777777778,0.0,0.1,0.017777777777777778,0.0,value_selection_field_sorting,,,,additive,9,value_selection,field_sorting,test_composition_ood
0.98,0.48888888888888893,0.0,1.0,0.5111111111111111,0.020000000000000018,0.98,0.48888888888888893,0.0,1.0,1.0,1.0,1.0,0.8044444444444445,0.46,0.54,0.19555555555555557,0.0,1.0,0.8044444444444445,0.46,1.0,1.0,1.0,1.0,0.9644444444444444,0.84,-0.12,-0.1511111111111111,-0.24,1.0,0.98,0.96,0.12,0.015555555555555553,0.0,0.12,0.015555555555555553,0.0,value_selection_field_sorting,,,,cat,9,value_selection,field_sorting,test_iid
0.98,0.48888888888888893,0.0,1.0,0.5111111111111111,0.020000000000000018,0.98,0.48888888888888893,0.0,1.0,1.0,1.0,1.0,0.8044444444444445,0.46,0.54,0.19555555555555557,0.0,1.0,0.8044444444444445,0.46,1.0,1.0,1.0,1.0,0.9022222222222221,0.82,-0.08,-0.12888888888888891,-0.2,1.0,0.9199999999999999,0.82,0.1,0.017777777777777778,0.0,0.1,0.017777777777777778,0.0,value_selection_field_sorting,,,,cat,9,value_selection,field_sorting,test_latent
0.98,0.48888888888888893,0.0,1.0,0.5111111111111111,0.020000000000000018,0.98,0.48888888888888893,0.0,1.0,1.0,1.0,1.0,0.8044444444444445,0.46,0.54,0.19555555555555557,0.0,1.0,0.8044444444444445,0.46,1.0,1.0,1.0,0.58,0.45333333333333337,0.34,-0.06,-0.10666666666666666,-0.16,0.58,0.45333333333333337,0.34,0.0,0.0,0.0,0.0,0.0,0.0,value_selection_field_sorting,,,,cat,9,value_selection,field_sorting,test_composition_ood
