atomic_a_composed_accuracy,atomic_a_interference,atomic_a_retention,atomic_a_standalone_accuracy,atomic_b_composed_accuracy,atomic_b_interference,atomic_b_retention,atomic_b_standalone_accuracy,composition_id,dedicated_accuracy,dynamic_accuracy,dynamic_minus_dedicated,experiment,method,seed,split
0.72,0.28,0.72,1.0,0.98,0.020000000000000018,0.98,1.0,field_renaming__key_value_swap__additive__wa0.25_wb0.75,1.0,0.0,-1.0,field_renaming_key_value_swap,additive,42,test_iid
0.72,0.28,0.72,1.0,0.98,0.020000000000000018,0.98,1.0,field_renaming__key_value_swap__additive__wa0.25_wb0.75,1.0,0.0,-1.0,field_renaming_key_value_swap,additive,42,test_latent
0.46,0.54,0.46,1.0,1.0,0.0,1.0,1.0,field_renaming__key_value_swap__additive__wa0.25_wb0.75,1.0,0.02,-0.98,field_renaming_key_value_swap,additive,43,test_iid
0.46,0.54,0.46,1.0,1.0,0.0,1.0,1.0,field_renaming__key_value_swap__additive__wa0.25_wb0.75,1.0,0.0,-1.0,field_renaming_key_value_swap,additive,43,test_latent
0.94,0.06000000000000005,0.94,1.0,0.96,0.040000000000000036,0.96,1.0,field_renaming__key_value_swap__additive__wa0.25_wb0.75,1.0,0.0,-1.0,field_renaming_key_value_swap,additive,44,test_iid
0.94,0.06000000000000005,0.94,1.0,0.96,0.040000000000000036,0.96,1.0,field_renaming__key_value_swap__additive__wa0.25_wb0.75,1.0,0.0,-1.0,field_renaming_key_value_swap,additive,44,test_latent
1.0,0.0,1.0,1.0,0.76,0.24,0.76,1.0,field_renaming__key_value_swap__additive__wa0.5_wb0.5,1.0,0.0,-1.0,field_renaming_key_value_swap,additive,42,test_iid
1.0,0.0,1.0,1.0,0.76,0.24,0.76,1.0,field_renaming__key_value_swap__additive__wa0.5_wb0.5,1.0,0.0,-1.0,field_renaming_key_value_swap,additive,42,test_latent
0.86,0.14,0.86,1.0,0.74,0.26,0.74,1.0,field_renaming__key_value_swap__additive__wa0.5_wb0.5,1.0,0.0,-1.0,field_renaming_key_value_swap,additive,43,test_iid
0.86,0.14,0.86,1.0,0.74,0.26,0.74,1.0,field_renaming__key_value_swap__additive__wa0.5_wb0.5,1.0,0.0,-1.0,field_renaming_key_value_swap,additive,43,test_latent
0.98,0.020000000000000018,0.98,1.0,0.6,0.4,0.6,1.0,field_renaming__key_value_swap__additive__wa0.5_wb0.5,1.0,0.0,-1.0,field_renaming_key_value_swap,additive,44,test_iid
0.98,0.020000000000000018,0.98,1.0,0.6,0.4,0.6,1.0,field_renaming__key_value_swap__additive__wa0.5_wb0.5,1.0,0.0,-1.0,field_renaming_key_value_swap,additive,44,test_latent
1.0,0.0,1.0,1.0,0.54,0.45999999999999996,0.54,1.0,field_renaming__key_value_swap__additive__wa0.75_wb0.25,1.0,0.0,-1.0,field_renaming_key_value_swap,additive,42,test_iid
1.0,0.0,1.0,1.0,0.54,0.45999999999999996,0.54,1.0,field_renaming__key_value_swap__additive__wa0.75_wb0.25,1.0,0.0,-1.0,field_renaming_key_value_swap,additive,42,test_latent
1.0,0.0,1.0,1.0,0.38,0.62,0.38,1.0,field_renaming__key_value_swap__additive__wa0.75_wb0.25,1.0,0.0,-1.0,field_renaming_key_value_swap,additive,43,test_iid
1.0,0.0,1.0,1.0,0.38,0.62,0.38,1.0,field_renaming__key_value_swap__additive__wa0.75_wb0.25,1.0,0.0,-1.0,field_renaming_key_value_swap,additive,43,test_latent
1.0,0.0,1.0,1.0,0.3,0.7,0.3,1.0,field_renaming__key_value_swap__additive__wa0.75_wb0.25,1.0,0.0,-1.0,field_renaming_key_value_swap,additive,44,test_iid
1.0,0.0,1.0,1.0,0.3,0.7,0.3,1.0,field_renaming__key_value_swap__additive__wa0.75_wb0.25,1.0,0.0,-1.0,field_renaming_key_value_swap,additive,44,test_latent
0.64,0.36,0.64,1.0,1.0,0.0,1.0,1.0,field_renaming__key_value_swap__cat__wa0.25_wb0.75,1.0,0.0,-1.0,field_renaming_key_value_swap,cat,42,test_iid
0.64,0.36,0.64,1.0,1.0,0.0,1.0,1.0,field_renaming__key_value_swap__cat__wa0.25_wb0.75,1.0,0.0,-1.0,field_renaming_key_value_swap,cat,42,test_latent
0.74,0.26,0.74,1.0,1.0,0.0,1.0,1.0,field_renaming__key_value_swap__cat__wa0.25_wb0.75,1.0,0.0,-1.0,field_renaming_key_value_swap,cat,43,test_iid
0.74,0.26,0.74,1.0,1.0,0.0,1.0,1.0,field_renaming__key_value_swap__cat__wa0.25_wb0.75,1.0,0.0,-1.0,field_renaming_key_value_swap,cat,43,test_latent
0.8,0.19999999999999996,0.8,1.0,1.0,0.0,1.0,1.0,field_renaming__key_value_swap__cat__wa0.25_wb0.75,1.0,0.0,-1.0,field_renaming_key_value_swap,cat,44,test_iid
0.8,0.19999999999999996,0.8,1.0,1.0,0.0,1.0,1.0,field_renaming__key_value_swap__cat__wa0.25_wb0.75,1.0,0.0,-1.0,field_renaming_key_value_swap,cat,44,test_latent
1.0,0.0,1.0,1.0,0.96,0.040000000000000036,0.96,1.0,field_renaming__key_value_swap__cat__wa0.5_wb0.5,1.0,0.0,-1.0,field_renaming_key_value_swap,cat,42,test_iid
1.0,0.0,1.0,1.0,0.96,0.040000000000000036,0.96,1.0,field_renaming__key_value_swap__cat__wa0.5_wb0.5,1.0,0.0,-1.0,field_renaming_key_value_swap,cat,42,test_latent
1.0,0.0,1.0,1.0,0.96,0.040000000000000036,0.96,1.0,field_renaming__key_value_swap__cat__wa0.5_wb0.5,1.0,0.0,-1.0,field_renaming_key_value_swap,cat,43,test_iid
1.0,0.0,1.0,1.0,0.96,0.040000000000000036,0.96,1.0,field_renaming__key_value_swap__cat__wa0.5_wb0.5,1.0,0.0,-1.0,field_renaming_key_value_swap,cat,43,test_latent
1.0,0.0,1.0,1.0,0.96,0.040000000000000036,0.96,1.0,field_renaming__key_value_swap__cat__wa0.5_wb0.5,1.0,0.0,-1.0,field_renaming_key_value_swap,cat,44,test_iid
1.0,0.0,1.0,1.0,0.96,0.040000000000000036,0.96,1.0,field_renaming__key_value_swap__cat__wa0.5_wb0.5,1.0,0.0,-1.0,field_renaming_key_value_swap,cat,44,test_latent
1.0,0.0,1.0,1.0,0.68,0.31999999999999995,0.68,1.0,field_renaming__key_value_swap__cat__wa0.75_wb0.25,1.0,0.0,-1.0,field_renaming_key_value_swap,cat,42,test_iid
1.0,0.0,1.0,1.0,0.68,0.31999999999999995,0.68,1.0,field_renaming__key_value_swap__cat__wa0.75_wb0.25,1.0,0.0,-1.0,field_renaming_key_value_swap,cat,42,test_latent
1.0,0.0,1.0,1.0,0.54,0.45999999999999996,0.54,1.0,field_renaming__key_value_swap__cat__wa0.75_wb0.25,1.0,0.0,-1.0,field_renaming_key_value_swap,cat,43,test_iid
1.0,0.0,1.0,1.0,0.54,0.45999999999999996,0.54,1.0,field_renaming__key_value_swap__cat__wa0.75_wb0.25,1.0,0.0,-1.0,field_renaming_key_value_swap,cat,43,test_latent
1.0,0.0,1.0,1.0,0.62,0.38,0.62,1.0,field_renaming__key_value_swap__cat__wa0.75_wb0.25,1.0,0.0,-1.0,field_renaming_key_value_swap,cat,44,test_iid
1.0,0.0,1.0,1.0,0.62,0.38,0.62,1.0,field_renaming__key_value_swap__cat__wa0.75_wb0.25,1.0,0.0,-1.0,field_renaming_key_value_swap,cat,44,test_latent
0.76,0.24,0.76,1.0,1.0,0.0,1.0,1.0,field_sorting__duplicate_removal__additive__wa0.25_wb0.75,1.0,0.0,-1.0,field_sorting_duplicate_removal,additive,42,test_iid
0.76,0.24,0.76,1.0,1.0,0.0,1.0,1.0,field_sorting__duplicate_removal__additive__wa0.25_wb0.75,0.88,0.0,-0.88,field_sorting_duplicate_removal,additive,42,test_latent
0.62,0.38,0.62,1.0,0.96,0.040000000000000036,0.96,1.0,field_sorting__duplicate_removal__additive__wa0.25_wb0.75,1.0,0.0,-1.0,field_sorting_duplicate_removal,additive,43,test_iid
0.62,0.38,0.62,1.0,0.96,0.040000000000000036,0.96,1.0,field_sorting__duplicate_removal__additive__wa0.25_wb0.75,1.0,0.0,-1.0,field_sorting_duplicate_removal,additive,43,test_latent
0.68,0.31999999999999995,0.68,1.0,1.0,0.0,1.0,1.0,field_sorting__duplicate_removal__additive__wa0.25_wb0.75,1.0,0.0,-1.0,field_sorting_duplicate_removal,additive,44,test_iid
0.68,0.31999999999999995,0.68,1.0,1.0,0.0,1.0,1.0,field_sorting__duplicate_removal__additive__wa0.25_wb0.75,1.0,0.0,-1.0,field_sorting_duplicate_removal,additive,44,test_latent
0.76,0.24,0.76,1.0,1.0,0.0,1.0,1.0,field_sorting__duplicate_removal__additive__wa0.5_wb0.5,1.0,0.0,-1.0,field_sorting_duplicate_removal,additive,42,test_iid
0.76,0.24,0.76,1.0,1.0,0.0,1.0,1.0,field_sorting__duplicate_removal__additive__wa0.5_wb0.5,0.88,0.0,-0.88,field_sorting_duplicate_removal,additive,42,test_latent
0.62,0.38,0.62,1.0,0.98,0.020000000000000018,0.98,1.0,field_sorting__duplicate_removal__additive__wa0.5_wb0.5,1.0,0.0,-1.0,field_sorting_duplicate_removal,additive,43,test_iid
0.62,0.38,0.62,1.0,0.98,0.020000000000000018,0.98,1.0,field_sorting__duplicate_removal__additive__wa0.5_wb0.5,1.0,0.0,-1.0,field_sorting_duplicate_removal,additive,43,test_latent
0.68,0.31999999999999995,0.68,1.0,0.96,0.040000000000000036,0.96,1.0,field_sorting__duplicate_removal__additive__wa0.5_wb0.5,1.0,0.0,-1.0,field_sorting_duplicate_removal,additive,44,test_iid
0.68,0.31999999999999995,0.68,1.0,0.96,0.040000000000000036,0.96,1.0,field_sorting__duplicate_removal__additive__wa0.5_wb0.5,1.0,0.0,-1.0,field_sorting_duplicate_removal,additive,44,test_latent
0.92,0.07999999999999996,0.92,1.0,0.72,0.28,0.72,1.0,field_sorting__duplicate_removal__additive__wa0.75_wb0.25,1.0,0.0,-1.0,field_sorting_duplicate_removal,additive,42,test_iid
0.92,0.07999999999999996,0.92,1.0,0.72,0.28,0.72,1.0,field_sorting__duplicate_removal__additive__wa0.75_wb0.25,0.88,0.0,-0.88,field_sorting_duplicate_removal,additive,42,test_latent
0.66,0.33999999999999997,0.66,1.0,0.94,0.06000000000000005,0.94,1.0,field_sorting__duplicate_removal__additive__wa0.75_wb0.25,1.0,0.0,-1.0,field_sorting_duplicate_removal,additive,43,test_iid
0.66,0.33999999999999997,0.66,1.0,0.94,0.06000000000000005,0.94,1.0,field_sorting__duplicate_removal__additive__wa0.75_wb0.25,1.0,0.0,-1.0,field_sorting_duplicate_removal,additive,43,test_latent
0.76,0.24,0.76,1.0,0.66,0.33999999999999997,0.66,1.0,field_sorting__duplicate_removal__additive__wa0.75_wb0.25,1.0,0.0,-1.0,field_sorting_duplicate_removal,additive,44,test_iid
0.76,0.24,0.76,1.0,0.66,0.33999999999999997,0.66,1.0,field_sorting__duplicate_removal__additive__wa0.75_wb0.25,1.0,0.0,-1.0,field_sorting_duplicate_removal,additive,44,test_latent
0.76,0.24,0.76,1.0,1.0,0.0,1.0,1.0,field_sorting__duplicate_removal__cat__wa0.25_wb0.75,1.0,0.0,-1.0,field_sorting_duplicate_removal,cat,42,test_iid
0.76,0.24,0.76,1.0,1.0,0.0,1.0,1.0,field_sorting__duplicate_removal__cat__wa0.25_wb0.75,0.88,0.0,-0.88,field_sorting_duplicate_removal,cat,42,test_latent
0.62,0.38,0.62,1.0,1.0,0.0,1.0,1.0,field_sorting__duplicate_removal__cat__wa0.25_wb0.75,1.0,0.0,-1.0,field_sorting_duplicate_removal,cat,43,test_iid
0.62,0.38,0.62,1.0,1.0,0.0,1.0,1.0,field_sorting__duplicate_removal__cat__wa0.25_wb0.75,1.0,0.0,-1.0,field_sorting_duplicate_removal,cat,43,test_latent
0.72,0.28,0.72,1.0,0.96,0.040000000000000036,0.96,1.0,field_sorting__duplicate_removal__cat__wa0.25_wb0.75,1.0,0.0,-1.0,field_sorting_duplicate_removal,cat,44,test_iid
0.72,0.28,0.72,1.0,0.96,0.040000000000000036,0.96,1.0,field_sorting__duplicate_removal__cat__wa0.25_wb0.75,1.0,0.0,-1.0,field_sorting_duplicate_removal,cat,44,test_latent
0.76,0.24,0.76,1.0,0.72,0.28,0.72,1.0,field_sorting__duplicate_removal__cat__wa0.5_wb0.5,1.0,0.0,-1.0,field_sorting_duplicate_removal,cat,42,test_iid
0.76,0.24,0.76,1.0,0.72,0.28,0.72,1.0,field_sorting__duplicate_removal__cat__wa0.5_wb0.5,0.88,0.0,-0.88,field_sorting_duplicate_removal,cat,42,test_latent
0.62,0.38,0.62,1.0,0.88,0.12,0.88,1.0,field_sorting__duplicate_removal__cat__wa0.5_wb0.5,1.0,0.0,-1.0,field_sorting_duplicate_removal,cat,43,test_iid
0.62,0.38,0.62,1.0,0.88,0.12,0.88,1.0,field_sorting__duplicate_removal__cat__wa0.5_wb0.5,1.0,0.0,-1.0,field_sorting_duplicate_removal,cat,43,test_latent
0.72,0.28,0.72,1.0,0.76,0.24,0.76,1.0,field_sorting__duplicate_removal__cat__wa0.5_wb0.5,1.0,0.0,-1.0,field_sorting_duplicate_removal,cat,44,test_iid
0.72,0.28,0.72,1.0,0.76,0.24,0.76,1.0,field_sorting__duplicate_removal__cat__wa0.5_wb0.5,1.0,0.0,-1.0,field_sorting_duplicate_removal,cat,44,test_latent
0.98,0.020000000000000018,0.98,1.0,0.22,0.78,0.22,1.0,field_sorting__duplicate_removal__cat__wa0.75_wb0.25,1.0,0.0,-1.0,field_sorting_duplicate_removal,cat,42,test_iid
0.98,0.020000000000000018,0.98,1.0,0.22,0.78,0.22,1.0,field_sorting__duplicate_removal__cat__wa0.75_wb0.25,0.88,0.0,-0.88,field_sorting_duplicate_removal,cat,42,test_latent
1.0,0.0,1.0,1.0,0.42,0.5800000000000001,0.42,1.0,field_sorting__duplicate_removal__cat__wa0.75_wb0.25,1.0,0.0,-1.0,field_sorting_duplicate_removal,cat,43,test_iid
1.0,0.0,1.0,1.0,0.42,0.5800000000000001,0.42,1.0,field_sorting__duplicate_removal__cat__wa0.75_wb0.25,1.0,0.0,-1.0,field_sorting_duplicate_removal,cat,43,test_latent
1.0,0.0,1.0,1.0,0.22,0.78,0.22,1.0,field_sorting__duplicate_removal__cat__wa0.75_wb0.25,1.0,0.0,-1.0,field_sorting_duplicate_removal,cat,44,test_iid
1.0,0.0,1.0,1.0,0.22,0.78,0.22,1.0,field_sorting__duplicate_removal__cat__wa0.75_wb0.25,1.0,0.0,-1.0,field_sorting_duplicate_removal,cat,44,test_latent
0.76,0.24,0.76,1.0,1.0,0.0,1.0,1.0,field_sorting__value_normalization__additive__wa0.25_wb0.75,1.0,0.0,-1.0,field_sorting_value_normalization,additive,42,test_iid
0.76,0.24,0.76,1.0,1.0,0.0,1.0,1.0,field_sorting__value_normalization__additive__wa0.25_wb0.75,1.0,0.0,-1.0,field_sorting_value_normalization,additive,42,test_latent
0.62,0.38,0.62,1.0,1.0,0.0,1.0,1.0,field_sorting__value_normalization__additive__wa0.25_wb0.75,1.0,0.0,-1.0,field_sorting_value_normalization,additive,43,test_iid
0.62,0.38,0.62,1.0,1.0,0.0,1.0,1.0,field_sorting__value_normalization__additive__wa0.25_wb0.75,1.0,0.0,-1.0,field_sorting_value_normalization,additive,43,test_latent
0.7,0.30000000000000004,0.7,1.0,1.0,0.0,1.0,1.0,field_sorting__value_normalization__additive__wa0.25_wb0.75,1.0,0.0,-1.0,field_sorting_value_normalization,additive,44,test_iid
0.7,0.30000000000000004,0.7,1.0,1.0,0.0,1.0,1.0,field_sorting__value_normalization__additive__wa0.25_wb0.75,1.0,0.0,-1.0,field_sorting_value_normalization,additive,44,test_latent
0.76,0.24,0.76,1.0,1.0,0.0,1.0,1.0,field_sorting__value_normalization__additive__wa0.5_wb0.5,1.0,0.0,-1.0,field_sorting_value_normalization,additive,42,test_iid
0.76,0.24,0.76,1.0,1.0,0.0,1.0,1.0,field_sorting__value_normalization__additive__wa0.5_wb0.5,1.0,0.0,-1.0,field_sorting_value_normalization,additive,42,test_latent
0.62,0.38,0.62,1.0,1.0,0.0,1.0,1.0,field_sorting__value_normalization__additive__wa0.5_wb0.5,1.0,0.0,-1.0,field_sorting_value_normalization,additive,43,test_iid
0.62,0.38,0.62,1.0,1.0,0.0,1.0,1.0,field_sorting__value_normalization__additive__wa0.5_wb0.5,1.0,0.0,-1.0,field_sorting_value_normalization,additive,43,test_latent
0.72,0.28,0.72,1.0,1.0,0.0,1.0,1.0,field_sorting__value_normalization__additive__wa0.5_wb0.5,1.0,0.0,-1.0,field_sorting_value_normalization,additive,44,test_iid
0.72,0.28,0.72,1.0,1.0,0.0,1.0,1.0,field_sorting__value_normalization__additive__wa0.5_wb0.5,1.0,0.0,-1.0,field_sorting_value_normalization,additive,44,test_latent
0.76,0.24,0.76,1.0,0.94,0.06000000000000005,0.94,1.0,field_sorting__value_normalization__additive__wa0.75_wb0.25,1.0,0.0,-1.0,field_sorting_value_normalization,additive,42,test_iid
0.76,0.24,0.76,1.0,0.94,0.06000000000000005,0.94,1.0,field_sorting__value_normalization__additive__wa0.75_wb0.25,1.0,0.0,-1.0,field_sorting_value_normalization,additive,42,test_latent
0.62,0.38,0.62,1.0,0.94,0.06000000000000005,0.94,1.0,field_sorting__value_normalization__additive__wa0.75_wb0.25,1.0,0.0,-1.0,field_sorting_value_normalization,additive,43,test_iid
0.62,0.38,0.62,1.0,0.94,0.06000000000000005,0.94,1.0,field_sorting__value_normalization__additive__wa0.75_wb0.25,1.0,0.0,-1.0,field_sorting_value_normalization,additive,43,test_latent
0.72,0.28,0.72,1.0,0.96,0.040000000000000036,0.96,1.0,field_sorting__value_normalization__additive__wa0.75_wb0.25,1.0,0.0,-1.0,field_sorting_value_normalization,additive,44,test_iid
0.72,0.28,0.72,1.0,0.96,0.040000000000000036,0.96,1.0,field_sorting__value_normalization__additive__wa0.75_wb0.25,1.0,0.0,-1.0,field_sorting_value_normalization,additive,44,test_latent
0.76,0.24,0.76,1.0,1.0,0.0,1.0,1.0,field_sorting__value_normalization__cat__wa0.25_wb0.75,1.0,0.0,-1.0,field_sorting_value_normalization,cat,42,test_iid
0.76,0.24,0.76,1.0,1.0,0.0,1.0,1.0,field_sorting__value_normalization__cat__wa0.25_wb0.75,1.0,0.0,-1.0,field_sorting_value_normalization,cat,42,test_latent
0.62,0.38,0.62,1.0,1.0,0.0,1.0,1.0,field_sorting__value_normalization__cat__wa0.25_wb0.75,1.0,0.0,-1.0,field_sorting_value_normalization,cat,43,test_iid
0.62,0.38,0.62,1.0,1.0,0.0,1.0,1.0,field_sorting__value_normalization__cat__wa0.25_wb0.75,1.0,0.0,-1.0,field_sorting_value_normalization,cat,43,test_latent
0.72,0.28,0.72,1.0,1.0,0.0,1.0,1.0,field_sorting__value_normalization__cat__wa0.25_wb0.75,1.0,0.0,-1.0,field_sorting_value_normalization,cat,44,test_iid
0.72,0.28,0.72,1.0,1.0,0.0,1.0,1.0,field_sorting__value_normalization__cat__wa0.25_wb0.75,1.0,0.0,-1.0,field_sorting_value_normalization,cat,44,test_latent
0.76,0.24,0.76,1.0,1.0,0.0,1.0,1.0,field_sorting__value_normalization__cat__wa0.5_wb0.5,1.0,0.0,-1.0,field_sorting_value_normalization,cat,42,test_iid
0.76,0.24,0.76,1.0,1.0,0.0,1.0,1.0,field_sorting__value_normalization__cat__wa0.5_wb0.5,1.0,0.0,-1.0,field_sorting_value_normalization,cat,42,test_latent
0.62,0.38,0.62,1.0,1.0,0.0,1.0,1.0,field_sorting__value_normalization__cat__wa0.5_wb0.5,1.0,0.0,-1.0,field_sorting_value_normalization,cat,43,test_iid
0.62,0.38,0.62,1.0,1.0,0.0,1.0,1.0,field_sorting__value_normalization__cat__wa0.5_wb0.5,1.0,0.0,-1.0,field_sorting_value_normalization,cat,43,test_latent
0.72,0.28,0.72,1.0,1.0,0.0,1.0,1.0,field_sorting__value_normalization__cat__wa0.5_wb0.5,1.0,0.0,-1.0,field_sorting_value_normalization,cat,44,test_iid
0.72,0.28,0.72,1.0,1.0,0.0,1.0,1.0,field_sorting__value_normalization__cat__wa0.5_wb0.5,1.0,0.0,-1.0,field_sorting_value_normalization,cat,44,test_latent
0.94,0.06000000000000005,0.94,1.0,1.0,0.0,1.0,1.0,field_sorting__value_normalization__cat__wa0.75_wb0.25,1.0,0.0,-1.0,field_sorting_value_normalization,cat,42,test_iid
0.94,0.06000000000000005,0.94,1.0,1.0,0.0,1.0,1.0,field_sorting__value_normalization__cat__wa0.75_wb0.25,1.0,0.0,-1.0,field_sorting_value_normalization,cat,42,test_latent
0.86,0.14,0.86,1.0,0.96,0.040000000000000036,0.96,1.0,field_sorting__value_normalization__cat__wa0.75_wb0.25,1.0,0.0,-1.0,field_sorting_value_normalization,cat,43,test_iid
0.86,0.14,0.86,1.0,0.96,0.040000000000000036,0.96,1.0,field_sorting__value_normalization__cat__wa0.75_wb0.25,1.0,0.0,-1.0,field_sorting_value_normalization,cat,43,test_latent
0.98,0.020000000000000018,0.98,1.0,0.94,0.06000000000000005,0.94,1.0,field_sorting__value_normalization__cat__wa0.75_wb0.25,1.0,0.0,-1.0,field_sorting_value_normalization,cat,44,test_iid
0.98,0.020000000000000018,0.98,1.0,0.94,0.06000000000000005,0.94,1.0,field_sorting__value_normalization__cat__wa0.75_wb0.25,1.0,0.0,-1.0,field_sorting_value_normalization,cat,44,test_latent
0.68,0.31999999999999995,0.68,1.0,0.76,0.24,0.76,1.0,field_sorting__value_selection__additive__wa0.25_wb0.75,1.0,0.0,-1.0,field_sorting_value_selection,additive,42,test_iid
0.68,0.31999999999999995,0.68,1.0,0.76,0.24,0.76,1.0,field_sorting__value_selection__additive__wa0.25_wb0.75,1.0,0.0,-1.0,field_sorting_value_selection,additive,42,test_latent
0.64,0.36,0.64,1.0,0.76,0.24,0.76,1.0,field_sorting__value_selection__additive__wa0.25_wb0.75,1.0,0.0,-1.0,field_sorting_value_selection,additive,43,test_iid
0.64,0.36,0.64,1.0,0.76,0.24,0.76,1.0,field_sorting__value_selection__additive__wa0.25_wb0.75,1.0,0.0,-1.0,field_sorting_value_selection,additive,43,test_latent
0.64,0.36,0.64,1.0,0.84,0.16000000000000003,0.84,1.0,field_sorting__value_selection__additive__wa0.25_wb0.75,1.0,0.0,-1.0,field_sorting_value_selection,additive,44,test_iid
0.64,0.36,0.64,1.0,0.84,0.16000000000000003,0.84,1.0,field_sorting__value_selection__additive__wa0.25_wb0.75,1.0,0.0,-1.0,field_sorting_value_selection,additive,44,test_latent
0.86,0.14,0.86,1.0,0.48,0.52,0.48,1.0,field_sorting__value_selection__additive__wa0.5_wb0.5,1.0,0.0,-1.0,field_sorting_value_selection,additive,42,test_iid
0.86,0.14,0.86,1.0,0.48,0.52,0.48,1.0,field_sorting__value_selection__additive__wa0.5_wb0.5,1.0,0.0,-1.0,field_sorting_value_selection,additive,42,test_latent
0.76,0.24,0.76,1.0,0.56,0.43999999999999995,0.56,1.0,field_sorting__value_selection__additive__wa0.5_wb0.5,1.0,0.0,-1.0,field_sorting_value_selection,additive,43,test_iid
0.76,0.24,0.76,1.0,0.56,0.43999999999999995,0.56,1.0,field_sorting__value_selection__additive__wa0.5_wb0.5,1.0,0.0,-1.0,field_sorting_value_selection,additive,43,test_latent
0.9,0.09999999999999998,0.9,1.0,0.5,0.5,0.5,1.0,field_sorting__value_selection__additive__wa0.5_wb0.5,1.0,0.0,-1.0,field_sorting_value_selection,additive,44,test_iid
0.9,0.09999999999999998,0.9,1.0,0.5,0.5,0.5,1.0,field_sorting__value_selection__additive__wa0.5_wb0.5,1.0,0.0,-1.0,field_sorting_value_selection,additive,44,test_latent
0.98,0.020000000000000018,0.98,1.0,0.22,0.78,0.22,1.0,field_sorting__value_selection__additive__wa0.75_wb0.25,1.0,0.0,-1.0,field_sorting_value_selection,additive,42,test_iid
0.98,0.020000000000000018,0.98,1.0,0.22,0.78,0.22,1.0,field_sorting__value_selection__additive__wa0.75_wb0.25,1.0,0.0,-1.0,field_sorting_value_selection,additive,42,test_latent
0.9,0.09999999999999998,0.9,1.0,0.1,0.9,0.1,1.0,field_sorting__value_selection__additive__wa0.75_wb0.25,1.0,0.0,-1.0,field_sorting_value_selection,additive,43,test_iid
0.9,0.09999999999999998,0.9,1.0,0.1,0.9,0.1,1.0,field_sorting__value_selection__additive__wa0.75_wb0.25,1.0,0.0,-1.0,field_sorting_value_selection,additive,43,test_latent
0.96,0.040000000000000036,0.96,1.0,0.32,0.6799999999999999,0.32,1.0,field_sorting__value_selection__additive__wa0.75_wb0.25,1.0,0.0,-1.0,field_sorting_value_selection,additive,44,test_iid
0.96,0.040000000000000036,0.96,1.0,0.32,0.6799999999999999,0.32,1.0,field_sorting__value_selection__additive__wa0.75_wb0.25,1.0,0.0,-1.0,field_sorting_value_selection,additive,44,test_latent
0.46,0.54,0.46,1.0,0.96,0.040000000000000036,0.96,1.0,field_sorting__value_selection__cat__wa0.25_wb0.75,1.0,0.0,-1.0,field_sorting_value_selection,cat,42,test_iid
0.46,0.54,0.46,1.0,0.96,0.040000000000000036,0.96,1.0,field_sorting__value_selection__cat__wa0.25_wb0.75,1.0,0.0,-1.0,field_sorting_value_selection,cat,42,test_latent
0.54,0.45999999999999996,0.54,1.0,0.9,0.09999999999999998,0.9,1.0,field_sorting__value_selection__cat__wa0.25_wb0.75,1.0,0.0,-1.0,field_sorting_value_selection,cat,43,test_iid
0.54,0.45999999999999996,0.54,1.0,0.9,0.09999999999999998,0.9,1.0,field_sorting__value_selection__cat__wa0.25_wb0.75,1.0,0.0,-1.0,field_sorting_value_selection,cat,43,test_latent
0.48,0.52,0.48,1.0,0.98,0.020000000000000018,0.98,1.0,field_sorting__value_selection__cat__wa0.25_wb0.75,1.0,0.0,-1.0,field_sorting_value_selection,cat,44,test_iid
0.48,0.52,0.48,1.0,0.98,0.020000000000000018,0.98,1.0,field_sorting__value_selection__cat__wa0.25_wb0.75,1.0,0.0,-1.0,field_sorting_value_selection,cat,44,test_latent
0.92,0.07999999999999996,0.92,1.0,0.48,0.52,0.48,1.0,field_sorting__value_selection__cat__wa0.5_wb0.5,1.0,0.0,-1.0,field_sorting_value_selection,cat,42,test_iid
0.92,0.07999999999999996,0.92,1.0,0.48,0.52,0.48,1.0,field_sorting__value_selection__cat__wa0.5_wb0.5,1.0,0.0,-1.0,field_sorting_value_selection,cat,42,test_latent
0.84,0.16000000000000003,0.84,1.0,0.38,0.62,0.38,1.0,field_sorting__value_selection__cat__wa0.5_wb0.5,1.0,0.0,-1.0,field_sorting_value_selection,cat,43,test_iid
0.84,0.16000000000000003,0.84,1.0,0.38,0.62,0.38,1.0,field_sorting__value_selection__cat__wa0.5_wb0.5,1.0,0.0,-1.0,field_sorting_value_selection,cat,43,test_latent
0.94,0.06000000000000005,0.94,1.0,0.62,0.38,0.62,1.0,field_sorting__value_selection__cat__wa0.5_wb0.5,1.0,0.0,-1.0,field_sorting_value_selection,cat,44,test_iid
0.94,0.06000000000000005,0.94,1.0,0.62,0.38,0.62,1.0,field_sorting__value_selection__cat__wa0.5_wb0.5,1.0,0.0,-1.0,field_sorting_value_selection,cat,44,test_latent
1.0,0.0,1.0,1.0,0.02,0.98,0.02,1.0,field_sorting__value_selection__cat__wa0.75_wb0.25,1.0,0.0,-1.0,field_sorting_value_selection,cat,42,test_iid
1.0,0.0,1.0,1.0,0.02,0.98,0.02,1.0,field_sorting__value_selection__cat__wa0.75_wb0.25,1.0,0.0,-1.0,field_sorting_value_selection,cat,42,test_latent
1.0,0.0,1.0,1.0,0.0,1.0,0.0,1.0,field_sorting__value_selection__cat__wa0.75_wb0.25,1.0,0.0,-1.0,field_sorting_value_selection,cat,43,test_iid
1.0,0.0,1.0,1.0,0.0,1.0,0.0,1.0,field_sorting__value_selection__cat__wa0.75_wb0.25,1.0,0.0,-1.0,field_sorting_value_selection,cat,43,test_latent
1.0,0.0,1.0,1.0,0.06,0.94,0.06,1.0,field_sorting__value_selection__cat__wa0.75_wb0.25,1.0,0.0,-1.0,field_sorting_value_selection,cat,44,test_iid
1.0,0.0,1.0,1.0,0.06,0.94,0.06,1.0,field_sorting__value_selection__cat__wa0.75_wb0.25,1.0,0.0,-1.0,field_sorting_value_selection,cat,44,test_latent
0.22,0.78,0.22,1.0,0.98,0.020000000000000018,0.98,1.0,value_selection__field_sorting__additive__wa0.25_wb0.75,0.98,0.0,-0.98,value_selection_field_sorting,additive,42,test_iid
0.22,0.78,0.22,1.0,0.98,0.020000000000000018,0.98,1.0,value_selection__field_sorting__additive__wa0.25_wb0.75,1.0,0.0,-1.0,value_selection_field_sorting,additive,42,test_latent
0.1,0.9,0.1,1.0,0.9,0.09999999999999998,0.9,1.0,value_selection__field_sorting__additive__wa0.25_wb0.75,1.0,0.0,-1.0,value_selection_field_sorting,additive,43,test_iid
0.1,0.9,0.1,1.0,0.9,0.09999999999999998,0.9,1.0,value_selection__field_sorting__additive__wa0.25_wb0.75,0.82,0.0,-0.82,value_selection_field_sorting,additive,43,test_latent
0.32,0.6799999999999999,0.32,1.0,0.96,0.040000000000000036,0.96,1.0,value_selection__field_sorting__additive__wa0.25_wb0.75,0.96,0.0,-0.96,value_selection_field_sorting,additive,44,test_iid
0.32,0.6799999999999999,0.32,1.0,0.96,0.040000000000000036,0.96,1.0,value_selection__field_sorting__additive__wa0.25_wb0.75,0.94,0.0,-0.94,value_selection_field_sorting,additive,44,test_latent
0.48,0.52,0.48,1.0,0.86,0.14,0.86,1.0,value_selection__field_sorting__additive__wa0.5_wb0.5,0.98,0.0,-0.98,value_selection_field_sorting,additive,42,test_iid
0.48,0.52,0.48,1.0,0.86,0.14,0.86,1.0,value_selection__field_sorting__additive__wa0.5_wb0.5,1.0,0.0,-1.0,value_selection_field_sorting,additive,42,test_latent
0.56,0.43999999999999995,0.56,1.0,0.76,0.24,0.76,1.0,value_selection__field_sorting__additive__wa0.5_wb0.5,1.0,0.0,-1.0,value_selection_field_sorting,additive,43,test_iid
0.56,0.43999999999999995,0.56,1.0,0.76,0.24,0.76,1.0,value_selection__field_sorting__additive__wa0.5_wb0.5,0.82,0.0,-0.82,value_selection_field_sorting,additive,43,test_latent
0.5,0.5,0.5,1.0,0.9,0.09999999999999998,0.9,1.0,value_selection__field_sorting__additive__wa0.5_wb0.5,0.96,0.06,-0.8999999999999999,value_selection_field_sorting,additive,44,test_iid
0.5,0.5,0.5,1.0,0.9,0.09999999999999998,0.9,1.0,value_selection__field_sorting__additive__wa0.5_wb0.5,0.94,0.0,-0.94,value_selection_field_sorting,additive,44,test_latent
0.76,0.24,0.76,1.0,0.68,0.31999999999999995,0.68,1.0,value_selection__field_sorting__additive__wa0.75_wb0.25,0.98,0.2,-0.78,value_selection_field_sorting,additive,42,test_iid
0.76,0.24,0.76,1.0,0.68,0.31999999999999995,0.68,1.0,value_selection__field_sorting__additive__wa0.75_wb0.25,1.0,0.0,-1.0,value_selection_field_sorting,additive,42,test_latent
0.76,0.24,0.76,1.0,0.64,0.36,0.64,1.0,value_selection__field_sorting__additive__wa0.75_wb0.25,1.0,0.1,-0.9,value_selection_field_sorting,additive,43,test_iid
0.76,0.24,0.76,1.0,0.64,0.36,0.64,1.0,value_selection__field_sorting__additive__wa0.75_wb0.25,0.82,0.0,-0.82,value_selection_field_sorting,additive,43,test_latent
0.84,0.16000000000000003,0.84,1.0,0.64,0.36,0.64,1.0,value_selection__field_sorting__additive__wa0.75_wb0.25,0.96,0.24,-0.72,value_selection_field_sorting,additive,44,test_iid
0.84,0.16000000000000003,0.84,1.0,0.64,0.36,0.64,1.0,value_selection__field_sorting__additive__wa0.75_wb0.25,0.94,0.0,-0.94,value_selection_field_sorting,additive,44,test_latent
0.02,0.98,0.02,1.0,1.0,0.0,1.0,1.0,value_selection__field_sorting__cat__wa0.25_wb0.75,0.98,0.0,-0.98,value_selection_field_sorting,cat,42,test_iid
0.02,0.98,0.02,1.0,1.0,0.0,1.0,1.0,value_selection__field_sorting__cat__wa0.25_wb0.75,1.0,0.0,-1.0,value_selection_field_sorting,cat,42,test_latent
0.0,1.0,0.0,1.0,1.0,0.0,1.0,1.0,value_selection__field_sorting__cat__wa0.25_wb0.75,1.0,0.0,-1.0,value_selection_field_sorting,cat,43,test_iid
0.0,1.0,0.0,1.0,1.0,0.0,1.0,1.0,value_selection__field_sorting__cat__wa0.25_wb0.75,0.82,0.0,-0.82,value_selection_field_sorting,cat,43,test_latent
0.06,0.94,0.06,1.0,1.0,0.0,1.0,1.0,value_selection__field_sorting__cat__wa0.25_wb0.75,0.96,0.0,-0.96,value_selection_field_sorting,cat,44,test_iid
0.06,0.94,0.06,1.0,1.0,0.0,1.0,1.0,value_selection__field_sorting__cat__wa0.25_wb0.75,0.94,0.0,-0.94,value_selection_field_sorting,cat,44,test_latent
0.48,0.52,0.48,1.0,0.92,0.07999999999999996,0.92,1.0,value_selection__field_sorting__cat__wa0.5_wb0.5,0.98,0.0,-0.98,value_selection_field_sorting,cat,42,test_iid
0.48,0.52,0.48,1.0,0.92,0.07999999999999996,0.92,1.0,value_selection__field_sorting__cat__wa0.5_wb0.5,1.0,0.0,-1.0,value_selection_field_sorting,cat,42,test_latent
0.38,0.62,0.38,1.0,0.84,0.16000000000000003,0.84,1.0,value_selection__field_sorting__cat__wa0.5_wb0.5,1.0,0.0,-1.0,value_selection_field_sorting,cat,43,test_iid
0.38,0.62,0.38,1.0,0.84,0.16000000000000003,0.84,1.0,value_selection__field_sorting__cat__wa0.5_wb0.5,0.82,0.0,-0.82,value_selection_field_sorting,cat,43,test_latent
0.62,0.38,0.62,1.0,0.94,0.06000000000000005,0.94,1.0,value_selection__field_sorting__cat__wa0.5_wb0.5,0.96,0.02,-0.94,value_selection_field_sorting,cat,44,test_iid
0.62,0.38,0.62,1.0,0.94,0.06000000000000005,0.94,1.0,value_selection__field_sorting__cat__wa0.5_wb0.5,0.94,0.0,-0.94,value_selection_field_sorting,cat,44,test_latent
0.96,0.040000000000000036,0.96,1.0,0.46,0.54,0.46,1.0,value_selection__field_sorting__cat__wa0.75_wb0.25,0.98,0.0,-0.98,value_selection_field_sorting,cat,42,test_iid
0.96,0.040000000000000036,0.96,1.0,0.46,0.54,0.46,1.0,value_selection__field_sorting__cat__wa0.75_wb0.25,1.0,0.1,-0.9,value_selection_field_sorting,cat,42,test_latent
0.9,0.09999999999999998,0.9,1.0,0.56,0.43999999999999995,0.56,1.0,value_selection__field_sorting__cat__wa0.75_wb0.25,1.0,0.0,-1.0,value_selection_field_sorting,cat,43,test_iid
0.9,0.09999999999999998,0.9,1.0,0.56,0.43999999999999995,0.56,1.0,value_selection__field_sorting__cat__wa0.75_wb0.25,0.82,0.0,-0.82,value_selection_field_sorting,cat,43,test_latent
0.98,0.020000000000000018,0.98,1.0,0.52,0.48,0.52,1.0,value_selection__field_sorting__cat__wa0.75_wb0.25,0.96,0.12,-0.84,value_selection_field_sorting,cat,44,test_iid
0.98,0.020000000000000018,0.98,1.0,0.52,0.48,0.52,1.0,value_selection__field_sorting__cat__wa0.75_wb0.25,0.94,0.06,-0.8799999999999999,value_selection_field_sorting,cat,44,test_latent
